 Container find-fastest-path-nyc-airflow-scheduler-1 Running 
 Container find-fastest-path-nyc-citibike_api-1 Running 
 Container find-fastest-path-nyc-airflow-apiserver-1 Running 
 Container find-fastest-path-nyc-postgres-1 Running 
 Container find-fastest-path-nyc-minio-1 Running 
 Container find-fastest-path-nyc-minio_init-1 Running 
 Container find-fastest-path-nyc-redis-1 Running 
 Container find-fastest-path-nyc-airflow-dag-processor-1 Running 
 Container find-fastest-path-nyc-taxi_fileserver-1 Running 
 Container find-fastest-path-nyc-citibike_db-1 Running 
 Container find-fastest-path-nyc-airflow-triggerer-1 Running 
 Container find-fastest-path-nyc-taxi_db-1 Running 
 Container find-fastest-path-nyc-nyc_transportation_api-1 Running 
 Container find-fastest-path-nyc-result_db-1 Running 
Attaching to airflow-apiserver-1, airflow-dag-processor-1, airflow-init-1, airflow-scheduler-1, airflow-triggerer-1, airflow-worker-1, citibike_api-1, citibike_db-1, minio-1, minio_init-1, nyc_transportation_api-1, postgres-1, redis-1, result_db-1, taxi_db-1, taxi_fileserver-1
airflow-triggerer-1  | 2026-09-29T11:52:27.386139283+01:00 2026-09-29T10:52:25.794320Z [info     ] Triggerer's async thread was blocked for 0.21 seconds, likely by a badly-written trigger. Set PYTHONASYNCIODEBUG=1 to get more information on overrunning coroutines. [airflow.jobs.triggerer_job_runner] loc=triggerer_job_runner.py:735
airflow-triggerer-1  | 2026-09-29T11:52:27.388713583+01:00 2026-09-29T10:52:26.387482Z [info     ] Triggerer's async thread was blocked for 0.20 seconds, likely by a badly-written trigger. Set PYTHONASYNCIODEBUG=1 to get more information on overrunning coroutines. [airflow.jobs.triggerer_job_runner] loc=triggerer_job_runner.py:735
minio_init-1         | 2026-09-29T11:52:28.102207463+01:00 mc: <ERROR> `config` is not a recognized command. Get help using `--help` flag. 
minio_init-1         | 2026-09-29T11:52:28.300919657+01:00 MinIO not up and running yet...
 Container find-fastest-path-nyc-taxi_db-1 Waiting 
 Container find-fastest-path-nyc-citibike_db-1 Waiting 
 Container find-fastest-path-nyc-result_db-1 Waiting 
 Container find-fastest-path-nyc-redis-1 Waiting 
 Container find-fastest-path-nyc-postgres-1 Waiting 
airflow-triggerer-1  | 2026-09-29T11:52:29.938103310+01:00 2026-09-29T10:52:28.877686Z [info     ] Triggerer's async thread was blocked for 0.26 seconds, likely by a badly-written trigger. Set PYTHONASYNCIODEBUG=1 to get more information on overrunning coroutines. [airflow.jobs.triggerer_job_runner] loc=triggerer_job_runner.py:735
 Container find-fastest-path-nyc-redis-1 Healthy 
 Container find-fastest-path-nyc-citibike_db-1 Healthy 
 Container find-fastest-path-nyc-postgres-1 Healthy 
 Container find-fastest-path-nyc-airflow-init-1 Starting 
 Container find-fastest-path-nyc-result_db-1 Healthy 
 Container find-fastest-path-nyc-taxi_db-1 Healthy 
airflow-scheduler-1  | 2026-09-29T11:52:30.563946592+01:00 127.0.0.1 - - [29/Sep/2026 10:52:30] "GET /health HTTP/1.1" 200 -
minio_init-1         | 2026-09-29T11:52:30.978517780+01:00 MinIO not up and running yet...
minio_init-1         | 2026-09-29T11:52:30.978563180+01:00 mc: <ERROR> `config` is not a recognized command. Get help using `--help` flag. 
minio_init-1         | 2026-09-29T11:52:32.653084732+01:00 mc: <ERROR> `config` is not a recognized command. Get help using `--help` flag. 
minio_init-1         | 2026-09-29T11:52:32.716115730+01:00 MinIO not up and running yet...
airflow-triggerer-1  | 2026-09-29T11:52:33.827850998+01:00 2026-09-29T10:52:30.167541Z [info     ] Triggerer's async thread was blocked for 0.31 seconds, likely by a badly-written trigger. Set PYTHONASYNCIODEBUG=1 to get more information on overrunning coroutines. [airflow.jobs.triggerer_job_runner] loc=triggerer_job_runner.py:735
airflow-triggerer-1  | 2026-09-29T11:52:34.014382593+01:00 2026-09-29T10:52:31.797008Z [info     ] Triggerer's async thread was blocked for 1.31 seconds, likely by a badly-written trigger. Set PYTHONASYNCIODEBUG=1 to get more information on overrunning coroutines. [airflow.jobs.triggerer_job_runner] loc=triggerer_job_runner.py:735
airflow-triggerer-1  | 2026-09-29T11:52:34.471729880+01:00 2026-09-29T10:52:33.345399Z [info     ] Triggerer's async thread was blocked for 0.28 seconds, likely by a badly-written trigger. Set PYTHONASYNCIODEBUG=1 to get more information on overrunning coroutines. [airflow.jobs.triggerer_job_runner] loc=triggerer_job_runner.py:735
airflow-triggerer-1  | 2026-09-29T11:52:34.969441270+01:00 2026-09-29T10:52:33.567957Z [info     ] Triggerer's async thread was blocked for 0.22 seconds, likely by a badly-written trigger. Set PYTHONASYNCIODEBUG=1 to get more information on overrunning coroutines. [airflow.jobs.triggerer_job_runner] loc=triggerer_job_runner.py:735
minio_init-1         | 2026-09-29T11:52:35.188459066+01:00 mc: <ERROR> `config` is not a recognized command. Get help using `--help` flag. 
minio_init-1         | 2026-09-29T11:52:35.223698266+01:00 MinIO not up and running yet...
minio_init-1         | 2026-09-29T11:52:36.374579848+01:00 mc: <ERROR> `config` is not a recognized command. Get help using `--help` flag. 
minio_init-1         | 2026-09-29T11:52:37.211454735+01:00 MinIO not up and running yet...
minio_init-1         | 2026-09-29T11:52:38.870130010+01:00 MinIO not up and running yet...
minio_init-1         | 2026-09-29T11:52:38.870853510+01:00 mc: <ERROR> `config` is not a recognized command. Get help using `--help` flag. 
airflow-triggerer-1  | 2026-09-29T11:52:39.087012107+01:00 2026-09-29T10:52:35.015197Z [info     ] Triggerer's async thread was blocked for 0.86 seconds, likely by a badly-written trigger. Set PYTHONASYNCIODEBUG=1 to get more information on overrunning coroutines. [airflow.jobs.triggerer_job_runner] loc=triggerer_job_runner.py:735
airflow-triggerer-1  | 2026-09-29T11:52:39.087509907+01:00 2026-09-29T10:52:37.474919Z [info     ] Triggerer's async thread was blocked for 0.96 seconds, likely by a badly-written trigger. Set PYTHONASYNCIODEBUG=1 to get more information on overrunning coroutines. [airflow.jobs.triggerer_job_runner] loc=triggerer_job_runner.py:735
 Container find-fastest-path-nyc-airflow-init-1 Started 
 Container find-fastest-path-nyc-airflow-init-1 Waiting 
 Container find-fastest-path-nyc-redis-1 Waiting 
 Container find-fastest-path-nyc-postgres-1 Waiting 
 Container find-fastest-path-nyc-airflow-init-1 Waiting 
 Container find-fastest-path-nyc-redis-1 Waiting 
 Container find-fastest-path-nyc-postgres-1 Waiting 
 Container find-fastest-path-nyc-redis-1 Waiting 
 Container find-fastest-path-nyc-postgres-1 Waiting 
 Container find-fastest-path-nyc-airflow-init-1 Waiting 
 Container find-fastest-path-nyc-redis-1 Waiting 
 Container find-fastest-path-nyc-postgres-1 Waiting 
 Container find-fastest-path-nyc-airflow-init-1 Waiting 
airflow-scheduler-1  | 2026-09-29T11:52:40.434397486+01:00 2026-09-29T10:52:40.413539Z [info     ] Adopting or resetting orphaned tasks for active dag runs [airflow.jobs.scheduler_job_runner.SchedulerJobRunner] loc=scheduler_job_runner.py:2276
 Container find-fastest-path-nyc-postgres-1 Healthy 
 Container find-fastest-path-nyc-redis-1 Healthy 
 Container find-fastest-path-nyc-redis-1 Healthy 
 Container find-fastest-path-nyc-postgres-1 Healthy 
 Container find-fastest-path-nyc-postgres-1 Healthy 
 Container find-fastest-path-nyc-redis-1 Healthy 
 Container find-fastest-path-nyc-redis-1 Healthy 
 Container find-fastest-path-nyc-postgres-1 Healthy 
airflow-init-1       | 2026-09-29T11:52:40.820120080+01:00 
airflow-init-1       | 2026-09-29T11:52:40.820150080+01:00 [1;33mWARNING!!!: Not enough memory available for Docker.[0m
airflow-init-1       | 2026-09-29T11:52:40.899306079+01:00 At least 4GB of memory required. You have 3.9G
airflow-init-1       | 2026-09-29T11:52:40.899568679+01:00 
airflow-init-1       | 2026-09-29T11:52:40.899666179+01:00 
airflow-init-1       | 2026-09-29T11:52:40.899703679+01:00 [1;33mWARNING!!!: You have not enough resources to run Airflow (see above)![0m
airflow-init-1       | 2026-09-29T11:52:40.899752279+01:00 Please follow the instructions to increase amount of resources available:
airflow-init-1       | 2026-09-29T11:52:40.899813179+01:00    https://airflow.apache.org/docs/apache-airflow/stable/howto/docker-compose/index.html#before-you-begin
airflow-init-1       | 2026-09-29T11:52:40.899869279+01:00 
airflow-init-1       | 2026-09-29T11:52:40.899955479+01:00 
airflow-init-1       | 2026-09-29T11:52:40.899991979+01:00 Creating missing opt dirs if missing:
airflow-init-1       | 2026-09-29T11:52:40.900076979+01:00 
airflow-init-1       | 2026-09-29T11:52:41.198602374+01:00 
minio_init-1         | 2026-09-29T11:52:41.324217973+01:00 mc: <ERROR> `config` is not a recognized command. Get help using `--help` flag. 
airflow-init-1       | 2026-09-29T11:52:41.324816373+01:00 Airflow version:
minio_init-1         | 2026-09-29T11:52:41.479737870+01:00 MinIO not up and running yet...
minio_init-1         | 2026-09-29T11:52:43.645341725+01:00 mc: <ERROR> `config` is not a recognized command. Get help using `--help` flag. 
minio_init-1         | 2026-09-29T11:52:43.747492021+01:00 MinIO not up and running yet...
airflow-init-1       | 2026-09-29T11:52:43.921175614+01:00 The container is run as root user. For security, consider using a regular user account.
minio_init-1         | 2026-09-29T11:52:47.262994378+01:00 MinIO not up and running yet...
minio_init-1         | 2026-09-29T11:52:47.295573377+01:00 mc: <ERROR> `config` is not a recognized command. Get help using `--help` flag. 
minio_init-1         | 2026-09-29T11:52:50.417822750+01:00 MinIO not up and running yet...
minio_init-1         | 2026-09-29T11:52:50.417910750+01:00 mc: <ERROR> `config` is not a recognized command. Get help using `--help` flag. 
airflow-apiserver-1  | 2026-09-29T11:52:50.553494244+01:00 INFO:     127.0.0.1:32818 - "GET /api/v2/version HTTP/1.1" 200 OK
airflow-triggerer-1  | 2026-09-29T11:52:50.553724344+01:00 2026-09-29T10:52:39.809516Z [info     ] Triggerer's async thread was blocked for 0.46 seconds, likely by a badly-written trigger. Set PYTHONASYNCIODEBUG=1 to get more information on overrunning coroutines. [airflow.jobs.triggerer_job_runner] loc=triggerer_job_runner.py:735
airflow-triggerer-1  | 2026-09-29T11:52:50.554844444+01:00 2026-09-29T10:52:40.342629Z [info     ] Triggerer's async thread was blocked for 0.24 seconds, likely by a badly-written trigger. Set PYTHONASYNCIODEBUG=1 to get more information on overrunning coroutines. [airflow.jobs.triggerer_job_runner] loc=triggerer_job_runner.py:735
airflow-triggerer-1  | 2026-09-29T11:52:50.554886244+01:00 2026-09-29T10:52:40.789652Z [info     ] Triggerer's async thread was blocked for 0.45 seconds, likely by a badly-written trigger. Set PYTHONASYNCIODEBUG=1 to get more information on overrunning coroutines. [airflow.jobs.triggerer_job_runner] loc=triggerer_job_runner.py:735
airflow-triggerer-1  | 2026-09-29T11:52:50.554891344+01:00 2026-09-29T10:52:41.214930Z [info     ] Triggerer's async thread was blocked for 0.42 seconds, likely by a badly-written trigger. Set PYTHONASYNCIODEBUG=1 to get more information on overrunning coroutines. [airflow.jobs.triggerer_job_runner] loc=triggerer_job_runner.py:735
airflow-triggerer-1  | 2026-09-29T11:52:50.554895644+01:00 2026-09-29T10:52:41.598473Z [info     ] Triggerer's async thread was blocked for 0.38 seconds, likely by a badly-written trigger. Set PYTHONASYNCIODEBUG=1 to get more information on overrunning coroutines. [airflow.jobs.triggerer_job_runner] loc=triggerer_job_runner.py:735
airflow-triggerer-1  | 2026-09-29T11:52:50.554899644+01:00 2026-09-29T10:52:42.265834Z [info     ] Triggerer's async thread was blocked for 0.21 seconds, likely by a badly-written trigger. Set PYTHONASYNCIODEBUG=1 to get more information on overrunning coroutines. [airflow.jobs.triggerer_job_runner] loc=triggerer_job_runner.py:735
airflow-triggerer-1  | 2026-09-29T11:52:50.554903444+01:00 2026-09-29T10:52:42.765545Z [info     ] Triggerer's async thread was blocked for 0.24 seconds, likely by a badly-written trigger. Set PYTHONASYNCIODEBUG=1 to get more information on overrunning coroutines. [airflow.jobs.triggerer_job_runner] loc=triggerer_job_runner.py:735
airflow-triggerer-1  | 2026-09-29T11:52:50.554907644+01:00 2026-09-29T10:52:44.189682Z [info     ] Triggerer's async thread was blocked for 0.46 seconds, likely by a badly-written trigger. Set PYTHONASYNCIODEBUG=1 to get more information on overrunning coroutines. [airflow.jobs.triggerer_job_runner] loc=triggerer_job_runner.py:735
airflow-triggerer-1  | 2026-09-29T11:52:50.554911644+01:00 2026-09-29T10:52:45.171495Z [info     ] Triggerer's async thread was blocked for 0.25 seconds, likely by a badly-written trigger. Set PYTHONASYNCIODEBUG=1 to get more information on overrunning coroutines. [airflow.jobs.triggerer_job_runner] loc=triggerer_job_runner.py:735
airflow-triggerer-1  | 2026-09-29T11:52:50.554915644+01:00 2026-09-29T10:52:45.770746Z [info     ] Triggerer's async thread was blocked for 0.48 seconds, likely by a badly-written trigger. Set PYTHONASYNCIODEBUG=1 to get more information on overrunning coroutines. [airflow.jobs.triggerer_job_runner] loc=triggerer_job_runner.py:735
airflow-triggerer-1  | 2026-09-29T11:52:50.554928044+01:00 2026-09-29T10:52:46.911214Z [info     ] Triggerer's async thread was blocked for 0.78 seconds, likely by a badly-written trigger. Set PYTHONASYNCIODEBUG=1 to get more information on overrunning coroutines. [airflow.jobs.triggerer_job_runner] loc=triggerer_job_runner.py:735
airflow-triggerer-1  | 2026-09-29T11:52:50.554932244+01:00 2026-09-29T10:52:48.527216Z [info     ] Triggerer's async thread was blocked for 1.20 seconds, likely by a badly-written trigger. Set PYTHONASYNCIODEBUG=1 to get more information on overrunning coroutines. [airflow.jobs.triggerer_job_runner] loc=triggerer_job_runner.py:735
airflow-triggerer-1  | 2026-09-29T11:52:50.554936044+01:00 2026-09-29T10:52:49.672951Z [info     ] Triggerer's async thread was blocked for 0.75 seconds, likely by a badly-written trigger. Set PYTHONASYNCIODEBUG=1 to get more information on overrunning coroutines. [airflow.jobs.triggerer_job_runner] loc=triggerer_job_runner.py:735
minio_init-1         | 2026-09-29T11:52:51.631134900+01:00 MinIO not up and running yet...
minio_init-1         | 2026-09-29T11:52:51.632700200+01:00 mc: <ERROR> `config` is not a recognized command. Get help using `--help` flag. 
minio_init-1         | 2026-09-29T11:52:53.353317242+01:00 mc: <ERROR> `config` is not a recognized command. Get help using `--help` flag. 
minio_init-1         | 2026-09-29T11:52:53.385274633+01:00 MinIO not up and running yet...
airflow-triggerer-1  | 2026-09-29T11:52:54.501876908+01:00 2026-09-29T10:52:50.934765Z [info     ] Triggerer's async thread was blocked for 0.30 seconds, likely by a badly-written trigger. Set PYTHONASYNCIODEBUG=1 to get more information on overrunning coroutines. [airflow.jobs.triggerer_job_runner] loc=triggerer_job_runner.py:735
airflow-triggerer-1  | 2026-09-29T11:52:54.561436291+01:00 2026-09-29T10:52:51.385707Z [info     ] Triggerer's async thread was blocked for 0.23 seconds, likely by a badly-written trigger. Set PYTHONASYNCIODEBUG=1 to get more information on overrunning coroutines. [airflow.jobs.triggerer_job_runner] loc=triggerer_job_runner.py:735
airflow-triggerer-1  | 2026-09-29T11:52:54.561678691+01:00 2026-09-29T10:52:52.609191Z [info     ] Triggerer's async thread was blocked for 0.51 seconds, likely by a badly-written trigger. Set PYTHONASYNCIODEBUG=1 to get more information on overrunning coroutines. [airflow.jobs.triggerer_job_runner] loc=triggerer_job_runner.py:735
airflow-triggerer-1  | 2026-09-29T11:52:54.561714591+01:00 2026-09-29T10:52:53.216137Z [info     ] Triggerer's async thread was blocked for 0.21 seconds, likely by a badly-written trigger. Set PYTHONASYNCIODEBUG=1 to get more information on overrunning coroutines. [airflow.jobs.triggerer_job_runner] loc=triggerer_job_runner.py:735
minio_init-1         | 2026-09-29T11:52:55.333537767+01:00 mc: <ERROR> `config` is not a recognized command. Get help using `--help` flag. 
minio_init-1         | 2026-09-29T11:52:55.362480158+01:00 MinIO not up and running yet...
airflow-triggerer-1  | 2026-09-29T11:52:56.134515634+01:00 2026-09-29T10:52:54.567232Z [info     ] Triggerer's async thread was blocked for 0.21 seconds, likely by a badly-written trigger. Set PYTHONASYNCIODEBUG=1 to get more information on overrunning coroutines. [airflow.jobs.triggerer_job_runner] loc=triggerer_job_runner.py:735
airflow-triggerer-1  | 2026-09-29T11:52:56.134551134+01:00 2026-09-29T10:52:55.133058Z [info     ] Triggerer's async thread was blocked for 0.29 seconds, likely by a badly-written trigger. Set PYTHONASYNCIODEBUG=1 to get more information on overrunning coroutines. [airflow.jobs.triggerer_job_runner] loc=triggerer_job_runner.py:735
airflow-triggerer-1  | 2026-09-29T11:52:56.308710583+01:00 2026-09-29T10:52:55.718558Z [info     ] 0 triggers currently running   [airflow.jobs.triggerer_job_runner] loc=triggerer_job_runner.py:735
airflow-triggerer-1  | 2026-09-29T11:52:56.337619975+01:00 2026-09-29T10:52:55.718916Z [info     ] 0 watchers currently running   [airflow.jobs.triggerer_job_runner] loc=triggerer_job_runner.py:735
airflow-triggerer-1  | 2026-09-29T11:52:56.338349975+01:00 2026-09-29T10:52:55.724672Z [info     ] Triggerer's async thread was blocked for 0.20 seconds, likely by a badly-written trigger. Set PYTHONASYNCIODEBUG=1 to get more information on overrunning coroutines. [airflow.jobs.triggerer_job_runner] loc=triggerer_job_runner.py:735
minio_init-1         | 2026-09-29T11:52:57.140112942+01:00 mc: <ERROR> `config` is not a recognized command. Get help using `--help` flag. 
minio_init-1         | 2026-09-29T11:52:57.140212742+01:00 MinIO not up and running yet...
minio_init-1         | 2026-09-29T11:52:58.845300246+01:00 mc: <ERROR> `config` is not a recognized command. Get help using `--help` flag. 
minio_init-1         | 2026-09-29T11:52:58.847499146+01:00 MinIO not up and running yet...
airflow-triggerer-1  | 2026-09-29T11:52:59.030320293+01:00 2026-09-29T10:52:56.577883Z [info     ] Triggerer's async thread was blocked for 0.40 seconds, likely by a badly-written trigger. Set PYTHONASYNCIODEBUG=1 to get more information on overrunning coroutines. [airflow.jobs.triggerer_job_runner] loc=triggerer_job_runner.py:735
airflow-triggerer-1  | 2026-09-29T11:52:59.030455393+01:00 2026-09-29T10:52:57.749654Z [info     ] Triggerer's async thread was blocked for 0.27 seconds, likely by a badly-written trigger. Set PYTHONASYNCIODEBUG=1 to get more information on overrunning coroutines. [airflow.jobs.triggerer_job_runner] loc=triggerer_job_runner.py:735
airflow-triggerer-1  | 2026-09-29T11:52:59.030464093+01:00 2026-09-29T10:52:58.556652Z [info     ] Triggerer's async thread was blocked for 0.21 seconds, likely by a badly-written trigger. Set PYTHONASYNCIODEBUG=1 to get more information on overrunning coroutines. [airflow.jobs.triggerer_job_runner] loc=triggerer_job_runner.py:735
minio_init-1         | 2026-09-29T11:53:01.373788818+01:00 mc: <ERROR> `config` is not a recognized command. Get help using `--help` flag. 
minio_init-1         | 2026-09-29T11:53:01.502774171+01:00 MinIO not up and running yet...
airflow-triggerer-1  | 2026-09-29T11:53:02.147457539+01:00 2026-09-29T10:52:59.236631Z [info     ] Triggerer's async thread was blocked for 0.26 seconds, likely by a badly-written trigger. Set PYTHONASYNCIODEBUG=1 to get more information on overrunning coroutines. [airflow.jobs.triggerer_job_runner] loc=triggerer_job_runner.py:735
airflow-triggerer-1  | 2026-09-29T11:53:02.151199037+01:00 2026-09-29T10:53:00.654407Z [info     ] Triggerer's async thread was blocked for 0.48 seconds, likely by a badly-written trigger. Set PYTHONASYNCIODEBUG=1 to get more information on overrunning coroutines. [airflow.jobs.triggerer_job_runner] loc=triggerer_job_runner.py:735
airflow-triggerer-1  | 2026-09-29T11:53:02.251531501+01:00 2026-09-29T10:53:01.263795Z [info     ] Triggerer's async thread was blocked for 0.55 seconds, likely by a badly-written trigger. Set PYTHONASYNCIODEBUG=1 to get more information on overrunning coroutines. [airflow.jobs.triggerer_job_runner] loc=triggerer_job_runner.py:735
airflow-triggerer-1  | 2026-09-29T11:53:02.339728269+01:00 2026-09-29T10:53:01.829887Z [info     ] Triggerer's async thread was blocked for 0.28 seconds, likely by a badly-written trigger. Set PYTHONASYNCIODEBUG=1 to get more information on overrunning coroutines. [airflow.jobs.triggerer_job_runner] loc=triggerer_job_runner.py:735
airflow-scheduler-1  | 2026-09-29T11:53:02.439459733+01:00 127.0.0.1 - - [29/Sep/2026 10:53:02] "GET /health HTTP/1.1" 200 -
minio_init-1         | 2026-09-29T11:53:03.028083521+01:00 mc: <ERROR> `config` is not a recognized command. Get help using `--help` flag. 
minio_init-1         | 2026-09-29T11:53:03.034487918+01:00 MinIO not up and running yet...
airflow-triggerer-1  | 2026-09-29T11:53:03.798580743+01:00 2026-09-29T10:53:02.295354Z [info     ] Triggerer's async thread was blocked for 0.21 seconds, likely by a badly-written trigger. Set PYTHONASYNCIODEBUG=1 to get more information on overrunning coroutines. [airflow.jobs.triggerer_job_runner] loc=triggerer_job_runner.py:735
minio_init-1         | 2026-09-29T11:53:04.649478436+01:00 mc: <ERROR> `config` is not a recognized command. Get help using `--help` flag. 
minio_init-1         | 2026-09-29T11:53:04.662426631+01:00 MinIO not up and running yet...
minio_init-1         | 2026-09-29T11:53:05.973738658+01:00 mc: <ERROR> `config` is not a recognized command. Get help using `--help` flag. 
minio_init-1         | 2026-09-29T11:53:06.008018546+01:00 MinIO not up and running yet...
minio_init-1         | 2026-09-29T11:53:07.579558679+01:00 MinIO not up and running yet...
minio_init-1         | 2026-09-29T11:53:07.584939677+01:00 mc: <ERROR> `config` is not a recognized command. Get help using `--help` flag. 
airflow-triggerer-1  | 2026-09-29T11:53:08.137020477+01:00 2026-09-29T10:53:07.908937Z [info     ] Triggerer's async thread was blocked for 0.43 seconds, likely by a badly-written trigger. Set PYTHONASYNCIODEBUG=1 to get more information on overrunning coroutines. [airflow.jobs.triggerer_job_runner] loc=triggerer_job_runner.py:735
minio_init-1         | 2026-09-29T11:53:08.924320024+01:00 mc: <ERROR> `config` is not a recognized command. Get help using `--help` flag. 
minio_init-1         | 2026-09-29T11:53:08.929919024+01:00 MinIO not up and running yet...
airflow-triggerer-1  | 2026-09-29T11:53:09.338181709+01:00 2026-09-29T10:53:09.031820Z [info     ] Triggerer's async thread was blocked for 0.32 seconds, likely by a badly-written trigger. Set PYTHONASYNCIODEBUG=1 to get more information on overrunning coroutines. [airflow.jobs.triggerer_job_runner] loc=triggerer_job_runner.py:735
minio_init-1         | 2026-09-29T11:53:10.387069869+01:00 mc: <ERROR> `config` is not a recognized command. Get help using `--help` flag. 
minio_init-1         | 2026-09-29T11:53:10.387141669+01:00 MinIO not up and running yet...
minio_init-1         | 2026-09-29T11:53:12.476688189+01:00 mc: <ERROR> `config` is not a recognized command. Get help using `--help` flag. 
minio_init-1         | 2026-09-29T11:53:12.546333087+01:00 MinIO not up and running yet...
airflow-triggerer-1  | 2026-09-29T11:53:14.118882527+01:00 2026-09-29T10:53:11.145891Z [info     ] Triggerer's async thread was blocked for 0.21 seconds, likely by a badly-written trigger. Set PYTHONASYNCIODEBUG=1 to get more information on overrunning coroutines. [airflow.jobs.triggerer_job_runner] loc=triggerer_job_runner.py:735
airflow-triggerer-1  | 2026-09-29T11:53:14.121313527+01:00 2026-09-29T10:53:13.283620Z [info     ] Triggerer's async thread was blocked for 0.31 seconds, likely by a badly-written trigger. Set PYTHONASYNCIODEBUG=1 to get more information on overrunning coroutines. [airflow.jobs.triggerer_job_runner] loc=triggerer_job_runner.py:735
minio_init-1         | 2026-09-29T11:53:14.170949225+01:00 mc: <ERROR> `config` is not a recognized command. Get help using `--help` flag. 
minio_init-1         | 2026-09-29T11:53:14.218143123+01:00 MinIO not up and running yet...
minio_init-1         | 2026-09-29T11:53:15.553060973+01:00 mc: <ERROR> `config` is not a recognized command. Get help using `--help` flag. 
minio_init-1         | 2026-09-29T11:53:15.577377372+01:00 MinIO not up and running yet...
minio_init-1         | 2026-09-29T11:53:18.261554867+01:00 mc: <ERROR> `config` is not a recognized command. Get help using `--help` flag. 
minio_init-1         | 2026-09-29T11:53:18.324947865+01:00 MinIO not up and running yet...
airflow-triggerer-1  | 2026-09-29T11:53:20.691298972+01:00 2026-09-29T10:53:16.825228Z [info     ] Triggerer's async thread was blocked for 0.38 seconds, likely by a badly-written trigger. Set PYTHONASYNCIODEBUG=1 to get more information on overrunning coroutines. [airflow.jobs.triggerer_job_runner] loc=triggerer_job_runner.py:735
minio_init-1         | 2026-09-29T11:53:21.287484548+01:00 mc: <ERROR> `config` is not a recognized command. Get help using `--help` flag. 
minio_init-1         | 2026-09-29T11:53:21.562352338+01:00 MinIO not up and running yet...
airflow-triggerer-1  | 2026-09-29T11:53:21.593395236+01:00 2026-09-29T10:53:17.550682Z [info     ] Triggerer's async thread was blocked for 0.30 seconds, likely by a badly-written trigger. Set PYTHONASYNCIODEBUG=1 to get more information on overrunning coroutines. [airflow.jobs.triggerer_job_runner] loc=triggerer_job_runner.py:735
airflow-triggerer-1  | 2026-09-29T11:53:21.593668336+01:00 2026-09-29T10:53:18.344265Z [info     ] Triggerer's async thread was blocked for 0.43 seconds, likely by a badly-written trigger. Set PYTHONASYNCIODEBUG=1 to get more information on overrunning coroutines. [airflow.jobs.triggerer_job_runner] loc=triggerer_job_runner.py:735
airflow-triggerer-1  | 2026-09-29T11:53:21.593777936+01:00 2026-09-29T10:53:20.630095Z [info     ] Triggerer's async thread was blocked for 0.88 seconds, likely by a badly-written trigger. Set PYTHONASYNCIODEBUG=1 to get more information on overrunning coroutines. [airflow.jobs.triggerer_job_runner] loc=triggerer_job_runner.py:735
airflow-apiserver-1  | 2026-09-29T11:53:22.701680093+01:00 INFO:     127.0.0.1:59644 - "GET /api/v2/version HTTP/1.1" 200 OK
minio_init-1         | 2026-09-29T11:53:24.706592414+01:00 mc: <ERROR> `config` is not a recognized command. Get help using `--help` flag. 
minio_init-1         | 2026-09-29T11:53:24.707518314+01:00 MinIO not up and running yet...
minio_init-1         | 2026-09-29T11:53:28.894297960+01:00 mc: <ERROR> `config` is not a recognized command. Get help using `--help` flag. 
minio_init-1         | 2026-09-29T11:53:28.940173058+01:00 MinIO not up and running yet...
airflow-triggerer-1  | 2026-09-29T11:53:29.418321140+01:00 2026-09-29T10:53:21.059830Z [info     ] Triggerer's async thread was blocked for 0.23 seconds, likely by a badly-written trigger. Set PYTHONASYNCIODEBUG=1 to get more information on overrunning coroutines. [airflow.jobs.triggerer_job_runner] loc=triggerer_job_runner.py:735
airflow-triggerer-1  | 2026-09-29T11:53:29.515685237+01:00 2026-09-29T10:53:21.576158Z [info     ] Triggerer's async thread was blocked for 0.22 seconds, likely by a badly-written trigger. Set PYTHONASYNCIODEBUG=1 to get more information on overrunning coroutines. [airflow.jobs.triggerer_job_runner] loc=triggerer_job_runner.py:735
airflow-triggerer-1  | 2026-09-29T11:53:29.515793737+01:00 2026-09-29T10:53:22.418416Z [info     ] Triggerer's async thread was blocked for 0.54 seconds, likely by a badly-written trigger. Set PYTHONASYNCIODEBUG=1 to get more information on overrunning coroutines. [airflow.jobs.triggerer_job_runner] loc=triggerer_job_runner.py:735
airflow-triggerer-1  | 2026-09-29T11:53:29.515818237+01:00 2026-09-29T10:53:23.122908Z [info     ] Triggerer's async thread was blocked for 0.23 seconds, likely by a badly-written trigger. Set PYTHONASYNCIODEBUG=1 to get more information on overrunning coroutines. [airflow.jobs.triggerer_job_runner] loc=triggerer_job_runner.py:735
airflow-triggerer-1  | 2026-09-29T11:53:29.515822537+01:00 2026-09-29T10:53:23.961055Z [info     ] Triggerer's async thread was blocked for 0.70 seconds, likely by a badly-written trigger. Set PYTHONASYNCIODEBUG=1 to get more information on overrunning coroutines. [airflow.jobs.triggerer_job_runner] loc=triggerer_job_runner.py:735
airflow-triggerer-1  | 2026-09-29T11:53:29.515849837+01:00 2026-09-29T10:53:24.709344Z [info     ] Triggerer's async thread was blocked for 0.64 seconds, likely by a badly-written trigger. Set PYTHONASYNCIODEBUG=1 to get more information on overrunning coroutines. [airflow.jobs.triggerer_job_runner] loc=triggerer_job_runner.py:735
airflow-triggerer-1  | 2026-09-29T11:53:29.515853137+01:00 2026-09-29T10:53:25.064929Z [info     ] Triggerer's async thread was blocked for 0.20 seconds, likely by a badly-written trigger. Set PYTHONASYNCIODEBUG=1 to get more information on overrunning coroutines. [airflow.jobs.triggerer_job_runner] loc=triggerer_job_runner.py:735
airflow-triggerer-1  | 2026-09-29T11:53:29.531964236+01:00 2026-09-29T10:53:26.961006Z [info     ] Triggerer's async thread was blocked for 1.66 seconds, likely by a badly-written trigger. Set PYTHONASYNCIODEBUG=1 to get more information on overrunning coroutines. [airflow.jobs.triggerer_job_runner] loc=triggerer_job_runner.py:735
minio_init-1         | 2026-09-29T11:53:30.493092301+01:00 mc: <ERROR> `config` is not a recognized command. Get help using `--help` flag. 
minio_init-1         | 2026-09-29T11:53:30.528915799+01:00 MinIO not up and running yet...
airflow-triggerer-1  | 2026-09-29T11:53:31.159675776+01:00 2026-09-29T10:53:29.590522Z [info     ] Triggerer's async thread was blocked for 0.21 seconds, likely by a badly-written trigger. Set PYTHONASYNCIODEBUG=1 to get more information on overrunning coroutines. [airflow.jobs.triggerer_job_runner] loc=triggerer_job_runner.py:735
airflow-triggerer-1  | 2026-09-29T11:53:31.163851976+01:00 2026-09-29T10:53:30.128982Z [info     ] Triggerer's async thread was blocked for 0.30 seconds, likely by a badly-written trigger. Set PYTHONASYNCIODEBUG=1 to get more information on overrunning coroutines. [airflow.jobs.triggerer_job_runner] loc=triggerer_job_runner.py:735
minio_init-1         | 2026-09-29T11:53:31.841416051+01:00 mc: <ERROR> `config` is not a recognized command. Get help using `--help` flag. 
minio_init-1         | 2026-09-29T11:53:31.873101250+01:00 MinIO not up and running yet...
minio_init-1         | 2026-09-29T11:53:33.331205696+01:00 mc: <ERROR> `config` is not a recognized command. Get help using `--help` flag. 
minio_init-1         | 2026-09-29T11:53:33.382727094+01:00 MinIO not up and running yet...
airflow-scheduler-1  | 2026-09-29T11:53:33.671029084+01:00 127.0.0.1 - - [29/Sep/2026 10:53:33] "GET /health HTTP/1.1" 200 -
airflow-triggerer-1  | 2026-09-29T11:53:33.781163380+01:00 2026-09-29T10:53:31.611897Z [info     ] Triggerer's async thread was blocked for 0.50 seconds, likely by a badly-written trigger. Set PYTHONASYNCIODEBUG=1 to get more information on overrunning coroutines. [airflow.jobs.triggerer_job_runner] loc=triggerer_job_runner.py:735
minio_init-1         | 2026-09-29T11:53:35.033922941+01:00 mc: <ERROR> `config` is not a recognized command. Get help using `--help` flag. 
minio_init-1         | 2026-09-29T11:53:35.062836940+01:00 MinIO not up and running yet...
airflow-triggerer-1  | 2026-09-29T11:53:35.540734925+01:00 2026-09-29T10:53:34.190708Z [info     ] Triggerer's async thread was blocked for 0.21 seconds, likely by a badly-written trigger. Set PYTHONASYNCIODEBUG=1 to get more information on overrunning coroutines. [airflow.jobs.triggerer_job_runner] loc=triggerer_job_runner.py:735
minio_init-1         | 2026-09-29T11:53:36.414354697+01:00 mc: <ERROR> `config` is not a recognized command. Get help using `--help` flag. 
minio_init-1         | 2026-09-29T11:53:36.429367797+01:00 MinIO not up and running yet...
airflow-triggerer-1  | 2026-09-29T11:53:37.307041869+01:00 2026-09-29T10:53:35.800181Z [info     ] Triggerer's async thread was blocked for 0.33 seconds, likely by a badly-written trigger. Set PYTHONASYNCIODEBUG=1 to get more information on overrunning coroutines. [airflow.jobs.triggerer_job_runner] loc=triggerer_job_runner.py:735
minio_init-1         | 2026-09-29T11:53:38.058865446+01:00 MinIO not up and running yet...
minio_init-1         | 2026-09-29T11:53:38.059979746+01:00 mc: <ERROR> `config` is not a recognized command. Get help using `--help` flag. 
airflow-triggerer-1  | 2026-09-29T11:53:38.717047325+01:00 2026-09-29T10:53:37.428994Z [info     ] Triggerer's async thread was blocked for 0.21 seconds, likely by a badly-written trigger. Set PYTHONASYNCIODEBUG=1 to get more information on overrunning coroutines. [airflow.jobs.triggerer_job_runner] loc=triggerer_job_runner.py:735
minio_init-1         | 2026-09-29T11:53:39.889253789+01:00 mc: <ERROR> `config` is not a recognized command. Get help using `--help` flag. 
minio_init-1         | 2026-09-29T11:53:39.989080085+01:00 MinIO not up and running yet...
airflow-triggerer-1  | 2026-09-29T11:53:40.737263062+01:00 2026-09-29T10:53:39.477197Z [info     ] Triggerer's async thread was blocked for 0.20 seconds, likely by a badly-written trigger. Set PYTHONASYNCIODEBUG=1 to get more information on overrunning coroutines. [airflow.jobs.triggerer_job_runner] loc=triggerer_job_runner.py:735
airflow-triggerer-1  | 2026-09-29T11:53:40.875659258+01:00 2026-09-29T10:53:40.508607Z [info     ] Triggerer's async thread was blocked for 0.24 seconds, likely by a badly-written trigger. Set PYTHONASYNCIODEBUG=1 to get more information on overrunning coroutines. [airflow.jobs.triggerer_job_runner] loc=triggerer_job_runner.py:735
minio_init-1         | 2026-09-29T11:53:41.768204930+01:00 mc: <ERROR> `config` is not a recognized command. Get help using `--help` flag. 
minio_init-1         | 2026-09-29T11:53:41.775092129+01:00 MinIO not up and running yet...
airflow-triggerer-1  | 2026-09-29T11:53:43.141292102+01:00 2026-09-29T10:53:40.796405Z [info     ] Triggerer's async thread was blocked for 0.26 seconds, likely by a badly-written trigger. Set PYTHONASYNCIODEBUG=1 to get more information on overrunning coroutines. [airflow.jobs.triggerer_job_runner] loc=triggerer_job_runner.py:735
minio_init-1         | 2026-09-29T11:53:43.148524002+01:00 mc: <ERROR> `config` is not a recognized command. Get help using `--help` flag. 
minio_init-1         | 2026-09-29T11:53:43.176270702+01:00 MinIO not up and running yet...
airflow-triggerer-1  | 2026-09-29T11:53:43.277564200+01:00 2026-09-29T10:53:41.924971Z [info     ] Triggerer's async thread was blocked for 0.21 seconds, likely by a badly-written trigger. Set PYTHONASYNCIODEBUG=1 to get more information on overrunning coroutines. [airflow.jobs.triggerer_job_runner] loc=triggerer_job_runner.py:735
airflow-triggerer-1  | 2026-09-29T11:53:43.277592900+01:00 2026-09-29T10:53:42.665119Z [info     ] Triggerer's async thread was blocked for 0.27 seconds, likely by a badly-written trigger. Set PYTHONASYNCIODEBUG=1 to get more information on overrunning coroutines. [airflow.jobs.triggerer_job_runner] loc=triggerer_job_runner.py:735
airflow-triggerer-1  | 2026-09-29T11:53:44.659033073+01:00 2026-09-29T10:53:43.556087Z [info     ] Triggerer's async thread was blocked for 0.38 seconds, likely by a badly-written trigger. Set PYTHONASYNCIODEBUG=1 to get more information on overrunning coroutines. [airflow.jobs.triggerer_job_runner] loc=triggerer_job_runner.py:735
minio_init-1         | 2026-09-29T11:53:44.765310771+01:00 mc: <ERROR> `config` is not a recognized command. Get help using `--help` flag. 
minio_init-1         | 2026-09-29T11:53:44.800679170+01:00 MinIO not up and running yet...
airflow-triggerer-1  | 2026-09-29T11:53:46.441045438+01:00 2026-09-29T10:53:46.429945Z [info     ] Triggerer's async thread was blocked for 0.61 seconds, likely by a badly-written trigger. Set PYTHONASYNCIODEBUG=1 to get more information on overrunning coroutines. [airflow.jobs.triggerer_job_runner] loc=triggerer_job_runner.py:735
minio_init-1         | 2026-09-29T11:53:46.782635331+01:00 mc: <ERROR> `config` is not a recognized command. Get help using `--help` flag. 
minio_init-1         | 2026-09-29T11:53:46.863034630+01:00 MinIO not up and running yet...
minio_init-1         | 2026-09-29T11:53:48.372504800+01:00 mc: <ERROR> `config` is not a recognized command. Get help using `--help` flag. 
minio_init-1         | 2026-09-29T11:53:48.412186500+01:00 MinIO not up and running yet...
airflow-triggerer-1  | 2026-09-29T11:53:48.782839292+01:00 2026-09-29T10:53:46.896914Z [info     ] Triggerer's async thread was blocked for 0.28 seconds, likely by a badly-written trigger. Set PYTHONASYNCIODEBUG=1 to get more information on overrunning coroutines. [airflow.jobs.triggerer_job_runner] loc=triggerer_job_runner.py:735
airflow-triggerer-1  | 2026-09-29T11:53:48.864574491+01:00 2026-09-29T10:53:48.490803Z [info     ] Triggerer's async thread was blocked for 0.20 seconds, likely by a badly-written trigger. Set PYTHONASYNCIODEBUG=1 to get more information on overrunning coroutines. [airflow.jobs.triggerer_job_runner] loc=triggerer_job_runner.py:735
airflow-triggerer-1  | 2026-09-29T11:53:48.864799191+01:00 2026-09-29T10:53:48.761761Z [info     ] Triggerer's async thread was blocked for 0.25 seconds, likely by a badly-written trigger. Set PYTHONASYNCIODEBUG=1 to get more information on overrunning coroutines. [airflow.jobs.triggerer_job_runner] loc=triggerer_job_runner.py:735
minio_init-1         | 2026-09-29T11:53:49.865310772+01:00 mc: <ERROR> `config` is not a recognized command. Get help using `--help` flag. 
minio_init-1         | 2026-09-29T11:53:49.878292772+01:00 MinIO not up and running yet...
airflow-triggerer-1  | 2026-09-29T11:53:53.254807096+01:00 2026-09-29T10:53:49.096348Z [info     ] Triggerer's async thread was blocked for 0.31 seconds, likely by a badly-written trigger. Set PYTHONASYNCIODEBUG=1 to get more information on overrunning coroutines. [airflow.jobs.triggerer_job_runner] loc=triggerer_job_runner.py:735
airflow-triggerer-1  | 2026-09-29T11:53:53.255402496+01:00 2026-09-29T10:53:49.989270Z [info     ] Triggerer's async thread was blocked for 0.35 seconds, likely by a badly-written trigger. Set PYTHONASYNCIODEBUG=1 to get more information on overrunning coroutines. [airflow.jobs.triggerer_job_runner] loc=triggerer_job_runner.py:735
airflow-triggerer-1  | 2026-09-29T11:53:53.255492696+01:00 2026-09-29T10:53:50.536580Z [info     ] Triggerer's async thread was blocked for 0.36 seconds, likely by a badly-written trigger. Set PYTHONASYNCIODEBUG=1 to get more information on overrunning coroutines. [airflow.jobs.triggerer_job_runner] loc=triggerer_job_runner.py:735
airflow-triggerer-1  | 2026-09-29T11:53:53.255498296+01:00 2026-09-29T10:53:51.586088Z [info     ] Triggerer's async thread was blocked for 0.67 seconds, likely by a badly-written trigger. Set PYTHONASYNCIODEBUG=1 to get more information on overrunning coroutines. [airflow.jobs.triggerer_job_runner] loc=triggerer_job_runner.py:735
airflow-triggerer-1  | 2026-09-29T11:53:53.255502096+01:00 2026-09-29T10:53:52.717522Z [info     ] Triggerer's async thread was blocked for 0.86 seconds, likely by a badly-written trigger. Set PYTHONASYNCIODEBUG=1 to get more information on overrunning coroutines. [airflow.jobs.triggerer_job_runner] loc=triggerer_job_runner.py:735
minio_init-1         | 2026-09-29T11:53:53.264026196+01:00 mc: <ERROR> `config` is not a recognized command. Get help using `--help` flag. 
minio_init-1         | 2026-09-29T11:53:53.274488296+01:00 MinIO not up and running yet...
airflow-apiserver-1  | 2026-09-29T11:53:54.023368301+01:00 INFO:     127.0.0.1:44678 - "GET /api/v2/version HTTP/1.1" 200 OK
minio_init-1         | 2026-09-29T11:53:54.816169707+01:00 mc: <ERROR> `config` is not a recognized command. Get help using `--help` flag. 
minio_init-1         | 2026-09-29T11:53:54.828480307+01:00 MinIO not up and running yet...
airflow-triggerer-1  | 2026-09-29T11:53:55.603847813+01:00 2026-09-29T10:53:53.749059Z [info     ] Triggerer's async thread was blocked for 0.29 seconds, likely by a badly-written trigger. Set PYTHONASYNCIODEBUG=1 to get more information on overrunning coroutines. [airflow.jobs.triggerer_job_runner] loc=triggerer_job_runner.py:735
airflow-triggerer-1  | 2026-09-29T11:53:55.709489513+01:00 2026-09-29T10:53:55.528258Z [info     ] Triggerer's async thread was blocked for 0.54 seconds, likely by a badly-written trigger. Set PYTHONASYNCIODEBUG=1 to get more information on overrunning coroutines. [airflow.jobs.triggerer_job_runner] loc=triggerer_job_runner.py:735
minio_init-1         | 2026-09-29T11:53:56.591391120+01:00 mc: <ERROR> `config` is not a recognized command. Get help using `--help` flag. 
minio_init-1         | 2026-09-29T11:53:56.668570620+01:00 MinIO not up and running yet...
airflow-triggerer-1  | 2026-09-29T11:53:58.584584824+01:00 2026-09-29T10:53:56.650036Z [info     ] 0 triggers currently running   [airflow.jobs.triggerer_job_runner] loc=triggerer_job_runner.py:735
airflow-triggerer-1  | 2026-09-29T11:53:58.743607922+01:00 2026-09-29T10:53:56.650338Z [info     ] 0 watchers currently running   [airflow.jobs.triggerer_job_runner] loc=triggerer_job_runner.py:735
minio_init-1         | 2026-09-29T11:53:58.803259521+01:00 mc: <ERROR> `config` is not a recognized command. Get help using `--help` flag. 
minio_init-1         | 2026-09-29T11:53:58.804212721+01:00 MinIO not up and running yet...
airflow-triggerer-1  | 2026-09-29T11:53:58.839908120+01:00 2026-09-29T10:53:56.987526Z [info     ] Triggerer's async thread was blocked for 0.21 seconds, likely by a badly-written trigger. Set PYTHONASYNCIODEBUG=1 to get more information on overrunning coroutines. [airflow.jobs.triggerer_job_runner] loc=triggerer_job_runner.py:735
minio_init-1         | 2026-09-29T11:54:00.453073061+01:00 mc: <ERROR> `config` is not a recognized command. Get help using `--help` flag. 
minio_init-1         | 2026-09-29T11:54:00.474339811+01:00 MinIO not up and running yet...
airflow-triggerer-1  | 2026-09-29T11:54:01.173867765+01:00 2026-09-29T10:53:59.645198Z [info     ] Triggerer's async thread was blocked for 0.46 seconds, likely by a badly-written trigger. Set PYTHONASYNCIODEBUG=1 to get more information on overrunning coroutines. [airflow.jobs.triggerer_job_runner] loc=triggerer_job_runner.py:735
airflow-triggerer-1  | 2026-09-29T11:54:01.175849498+01:00 2026-09-29T10:53:59.993042Z [info     ] Triggerer's async thread was blocked for 0.31 seconds, likely by a badly-written trigger. Set PYTHONASYNCIODEBUG=1 to get more information on overrunning coroutines. [airflow.jobs.triggerer_job_runner] loc=triggerer_job_runner.py:735
minio_init-1         | 2026-09-29T11:54:01.894084517+01:00 mc: <ERROR> `config` is not a recognized command. Get help using `--help` flag. 
minio_init-1         | 2026-09-29T11:54:01.914872321+01:00 MinIO not up and running yet...
airflow-triggerer-1  | 2026-09-29T11:54:02.742264742+01:00 2026-09-29T10:54:02.679353Z [info     ] Triggerer's async thread was blocked for 0.31 seconds, likely by a badly-written trigger. Set PYTHONASYNCIODEBUG=1 to get more information on overrunning coroutines. [airflow.jobs.triggerer_job_runner] loc=triggerer_job_runner.py:735
minio_init-1         | 2026-09-29T11:54:04.972428761+01:00 mc: <ERROR> `config` is not a recognized command. Get help using `--help` flag. 
minio_init-1         | 2026-09-29T11:54:04.973717093+01:00 MinIO not up and running yet...
airflow-scheduler-1  | 2026-09-29T11:54:06.023756337+01:00 127.0.0.1 - - [29/Sep/2026 10:54:06] "GET /health HTTP/1.1" 200 -
airflow-triggerer-1  | 2026-09-29T11:54:06.301005180+01:00 2026-09-29T10:54:03.048420Z [info     ] Triggerer's async thread was blocked for 0.34 seconds, likely by a badly-written trigger. Set PYTHONASYNCIODEBUG=1 to get more information on overrunning coroutines. [airflow.jobs.triggerer_job_runner] loc=triggerer_job_runner.py:735
minio_init-1         | 2026-09-29T11:54:06.345344254+01:00 mc: <ERROR> `config` is not a recognized command. Get help using `--help` flag. 
minio_init-1         | 2026-09-29T11:54:06.345381797+01:00 MinIO not up and running yet...
airflow-triggerer-1  | 2026-09-29T11:54:06.685057782+01:00 2026-09-29T10:54:03.989403Z [info     ] Triggerer's async thread was blocked for 0.24 seconds, likely by a badly-written trigger. Set PYTHONASYNCIODEBUG=1 to get more information on overrunning coroutines. [airflow.jobs.triggerer_job_runner] loc=triggerer_job_runner.py:735
airflow-triggerer-1  | 2026-09-29T11:54:06.685151936+01:00 2026-09-29T10:54:04.915683Z [info     ] Triggerer's async thread was blocked for 0.61 seconds, likely by a badly-written trigger. Set PYTHONASYNCIODEBUG=1 to get more information on overrunning coroutines. [airflow.jobs.triggerer_job_runner] loc=triggerer_job_runner.py:735
airflow-triggerer-1  | 2026-09-29T11:54:06.685161175+01:00 2026-09-29T10:54:05.356856Z [info     ] Triggerer's async thread was blocked for 0.44 seconds, likely by a badly-written trigger. Set PYTHONASYNCIODEBUG=1 to get more information on overrunning coroutines. [airflow.jobs.triggerer_job_runner] loc=triggerer_job_runner.py:735
minio_init-1         | 2026-09-29T11:54:07.633069086+01:00 mc: <ERROR> `config` is not a recognized command. Get help using `--help` flag. 
minio_init-1         | 2026-09-29T11:54:07.684629017+01:00 MinIO not up and running yet...
airflow-triggerer-1  | 2026-09-29T11:54:08.586033162+01:00 2026-09-29T10:54:06.139579Z [info     ] Triggerer's async thread was blocked for 0.41 seconds, likely by a badly-written trigger. Set PYTHONASYNCIODEBUG=1 to get more information on overrunning coroutines. [airflow.jobs.triggerer_job_runner] loc=triggerer_job_runner.py:735
airflow-triggerer-1  | 2026-09-29T11:54:08.590129473+01:00 2026-09-29T10:54:07.823024Z [info     ] Triggerer's async thread was blocked for 0.23 seconds, likely by a badly-written trigger. Set PYTHONASYNCIODEBUG=1 to get more information on overrunning coroutines. [airflow.jobs.triggerer_job_runner] loc=triggerer_job_runner.py:735
minio_init-1         | 2026-09-29T11:54:09.338347830+01:00 mc: <ERROR> `config` is not a recognized command. Get help using `--help` flag. 
minio_init-1         | 2026-09-29T11:54:09.362096070+01:00 MinIO not up and running yet...
airflow-triggerer-1  | 2026-09-29T11:54:10.007642156+01:00 2026-09-29T10:54:09.569458Z [info     ] Triggerer's async thread was blocked for 0.20 seconds, likely by a badly-written trigger. Set PYTHONASYNCIODEBUG=1 to get more information on overrunning coroutines. [airflow.jobs.triggerer_job_runner] loc=triggerer_job_runner.py:735
minio_init-1         | 2026-09-29T11:54:11.370776174+01:00 mc: <ERROR> `config` is not a recognized command. Get help using `--help` flag. 
minio_init-1         | 2026-09-29T11:54:11.390071466+01:00 MinIO not up and running yet...
airflow-triggerer-1  | 2026-09-29T11:54:12.262683782+01:00 2026-09-29T10:54:10.337242Z [info     ] Triggerer's async thread was blocked for 0.33 seconds, likely by a badly-written trigger. Set PYTHONASYNCIODEBUG=1 to get more information on overrunning coroutines. [airflow.jobs.triggerer_job_runner] loc=triggerer_job_runner.py:735
airflow-triggerer-1  | 2026-09-29T11:54:12.327391772+01:00 2026-09-29T10:54:10.694027Z [info     ] Triggerer's async thread was blocked for 0.25 seconds, likely by a badly-written trigger. Set PYTHONASYNCIODEBUG=1 to get more information on overrunning coroutines. [airflow.jobs.triggerer_job_runner] loc=triggerer_job_runner.py:735
airflow-triggerer-1  | 2026-09-29T11:54:12.327428289+01:00 2026-09-29T10:54:11.272890Z [info     ] Triggerer's async thread was blocked for 0.21 seconds, likely by a badly-written trigger. Set PYTHONASYNCIODEBUG=1 to get more information on overrunning coroutines. [airflow.jobs.triggerer_job_runner] loc=triggerer_job_runner.py:735
minio_init-1         | 2026-09-29T11:54:12.819703453+01:00 mc: <ERROR> `config` is not a recognized command. Get help using `--help` flag. 
minio_init-1         | 2026-09-29T11:54:12.841204712+01:00 MinIO not up and running yet...
airflow-triggerer-1  | 2026-09-29T11:54:14.894287915+01:00 2026-09-29T10:54:12.865053Z [info     ] Triggerer's async thread was blocked for 0.37 seconds, likely by a badly-written trigger. Set PYTHONASYNCIODEBUG=1 to get more information on overrunning coroutines. [airflow.jobs.triggerer_job_runner] loc=triggerer_job_runner.py:735
airflow-triggerer-1  | 2026-09-29T11:54:14.894394880+01:00 2026-09-29T10:54:13.793129Z [info     ] Triggerer's async thread was blocked for 0.26 seconds, likely by a badly-written trigger. Set PYTHONASYNCIODEBUG=1 to get more information on overrunning coroutines. [airflow.jobs.triggerer_job_runner] loc=triggerer_job_runner.py:735
minio_init-1         | 2026-09-29T11:54:14.974030662+01:00 mc: <ERROR> `config` is not a recognized command. Get help using `--help` flag. 
minio_init-1         | 2026-09-29T11:54:15.001151240+01:00 MinIO not up and running yet...
airflow-triggerer-1  | 2026-09-29T11:54:15.184528003+01:00 2026-09-29T10:54:14.729345Z [info     ] Triggerer's async thread was blocked for 0.37 seconds, likely by a badly-written trigger. Set PYTHONASYNCIODEBUG=1 to get more information on overrunning coroutines. [airflow.jobs.triggerer_job_runner] loc=triggerer_job_runner.py:735
minio_init-1         | 2026-09-29T11:54:16.261890166+01:00 mc: <ERROR> `config` is not a recognized command. Get help using `--help` flag. 
minio_init-1         | 2026-09-29T11:54:16.291582480+01:00 MinIO not up and running yet...
minio_init-1         | 2026-09-29T11:54:18.684796910+01:00 mc: <ERROR> `config` is not a recognized command. Get help using `--help` flag. 
minio_init-1         | 2026-09-29T11:54:18.767266991+01:00 MinIO not up and running yet...
airflow-triggerer-1  | 2026-09-29T11:54:19.650508149+01:00 2026-09-29T10:54:15.129674Z [info     ] Triggerer's async thread was blocked for 0.22 seconds, likely by a badly-written trigger. Set PYTHONASYNCIODEBUG=1 to get more information on overrunning coroutines. [airflow.jobs.triggerer_job_runner] loc=triggerer_job_runner.py:735
airflow-triggerer-1  | 2026-09-29T11:54:19.652326527+01:00 2026-09-29T10:54:16.181406Z [info     ] Triggerer's async thread was blocked for 0.37 seconds, likely by a badly-written trigger. Set PYTHONASYNCIODEBUG=1 to get more information on overrunning coroutines. [airflow.jobs.triggerer_job_runner] loc=triggerer_job_runner.py:735
airflow-triggerer-1  | 2026-09-29T11:54:19.700316705+01:00 2026-09-29T10:54:16.721039Z [info     ] Triggerer's async thread was blocked for 0.42 seconds, likely by a badly-written trigger. Set PYTHONASYNCIODEBUG=1 to get more information on overrunning coroutines. [airflow.jobs.triggerer_job_runner] loc=triggerer_job_runner.py:735
airflow-triggerer-1  | 2026-09-29T11:54:19.701001426+01:00 2026-09-29T10:54:17.623994Z [info     ] Triggerer's async thread was blocked for 0.37 seconds, likely by a badly-written trigger. Set PYTHONASYNCIODEBUG=1 to get more information on overrunning coroutines. [airflow.jobs.triggerer_job_runner] loc=triggerer_job_runner.py:735
airflow-triggerer-1  | 2026-09-29T11:54:19.701028344+01:00 2026-09-29T10:54:18.390515Z [info     ] Triggerer's async thread was blocked for 0.24 seconds, likely by a badly-written trigger. Set PYTHONASYNCIODEBUG=1 to get more information on overrunning coroutines. [airflow.jobs.triggerer_job_runner] loc=triggerer_job_runner.py:735
airflow-triggerer-1  | 2026-09-29T11:54:19.701032930+01:00 2026-09-29T10:54:19.358038Z [info     ] Triggerer's async thread was blocked for 0.31 seconds, likely by a badly-written trigger. Set PYTHONASYNCIODEBUG=1 to get more information on overrunning coroutines. [airflow.jobs.triggerer_job_runner] loc=triggerer_job_runner.py:735
minio_init-1         | 2026-09-29T11:54:20.648205211+01:00 mc: <ERROR> `config` is not a recognized command. Get help using `--help` flag. 
minio_init-1         | 2026-09-29T11:54:20.680418055+01:00 MinIO not up and running yet...
minio_init-1         | 2026-09-29T11:54:22.265824724+01:00 mc: <ERROR> `config` is not a recognized command. Get help using `--help` flag. 
minio_init-1         | 2026-09-29T11:54:22.272850347+01:00 MinIO not up and running yet...
airflow-triggerer-1  | 2026-09-29T11:54:22.439239013+01:00 2026-09-29T10:54:22.277572Z [info     ] Triggerer's async thread was blocked for 0.25 seconds, likely by a badly-written trigger. Set PYTHONASYNCIODEBUG=1 to get more information on overrunning coroutines. [airflow.jobs.triggerer_job_runner] loc=triggerer_job_runner.py:735
minio_init-1         | 2026-09-29T11:54:24.645549129+01:00 mc: <ERROR> `config` is not a recognized command. Get help using `--help` flag. 
minio_init-1         | 2026-09-29T11:54:24.721201078+01:00 MinIO not up and running yet...
airflow-triggerer-1  | 2026-09-29T11:54:25.165607644+01:00 2026-09-29T10:54:22.627149Z [info     ] Triggerer's async thread was blocked for 0.34 seconds, likely by a badly-written trigger. Set PYTHONASYNCIODEBUG=1 to get more information on overrunning coroutines. [airflow.jobs.triggerer_job_runner] loc=triggerer_job_runner.py:735
airflow-triggerer-1  | 2026-09-29T11:54:25.166524696+01:00 2026-09-29T10:54:22.997004Z [info     ] Triggerer's async thread was blocked for 0.24 seconds, likely by a badly-written trigger. Set PYTHONASYNCIODEBUG=1 to get more information on overrunning coroutines. [airflow.jobs.triggerer_job_runner] loc=triggerer_job_runner.py:735
airflow-triggerer-1  | 2026-09-29T11:54:25.166881910+01:00 2026-09-29T10:54:23.357523Z [info     ] Triggerer's async thread was blocked for 0.26 seconds, likely by a badly-written trigger. Set PYTHONASYNCIODEBUG=1 to get more information on overrunning coroutines. [airflow.jobs.triggerer_job_runner] loc=triggerer_job_runner.py:735
airflow-triggerer-1  | 2026-09-29T11:54:25.166902582+01:00 2026-09-29T10:54:24.187872Z [info     ] Triggerer's async thread was blocked for 0.20 seconds, likely by a badly-written trigger. Set PYTHONASYNCIODEBUG=1 to get more information on overrunning coroutines. [airflow.jobs.triggerer_job_runner] loc=triggerer_job_runner.py:735
airflow-triggerer-1  | 2026-09-29T11:54:25.166907176+01:00 2026-09-29T10:54:24.513091Z [info     ] Triggerer's async thread was blocked for 0.30 seconds, likely by a badly-written trigger. Set PYTHONASYNCIODEBUG=1 to get more information on overrunning coroutines. [airflow.jobs.triggerer_job_runner] loc=triggerer_job_runner.py:735
airflow-triggerer-1  | 2026-09-29T11:54:25.166911270+01:00 2026-09-29T10:54:24.918324Z [info     ] Triggerer's async thread was blocked for 0.40 seconds, likely by a badly-written trigger. Set PYTHONASYNCIODEBUG=1 to get more information on overrunning coroutines. [airflow.jobs.triggerer_job_runner] loc=triggerer_job_runner.py:735
airflow-apiserver-1  | 2026-09-29T11:54:25.236241546+01:00 INFO:     127.0.0.1:60832 - "GET /api/v2/version HTTP/1.1" 200 OK
minio_init-1         | 2026-09-29T11:54:26.131027083+01:00 mc: <ERROR> `config` is not a recognized command. Get help using `--help` flag. 
minio_init-1         | 2026-09-29T11:54:26.162441792+01:00 MinIO not up and running yet...
airflow-triggerer-1  | 2026-09-29T11:54:27.034607421+01:00 2026-09-29T10:54:26.852537Z [info     ] Triggerer's async thread was blocked for 0.22 seconds, likely by a badly-written trigger. Set PYTHONASYNCIODEBUG=1 to get more information on overrunning coroutines. [airflow.jobs.triggerer_job_runner] loc=triggerer_job_runner.py:735
minio_init-1         | 2026-09-29T11:54:27.776588988+01:00 mc: <ERROR> `config` is not a recognized command. Get help using `--help` flag. 
minio_init-1         | 2026-09-29T11:54:27.908014533+01:00 MinIO not up and running yet...
minio_init-1         | 2026-09-29T11:54:31.150444369+01:00 mc: <ERROR> `config` is not a recognized command. Get help using `--help` flag. 
minio_init-1         | 2026-09-29T11:54:31.150841098+01:00 MinIO not up and running yet...
airflow-triggerer-1  | 2026-09-29T11:54:31.408554769+01:00 2026-09-29T10:54:27.249553Z [info     ] Triggerer's async thread was blocked for 0.22 seconds, likely by a badly-written trigger. Set PYTHONASYNCIODEBUG=1 to get more information on overrunning coroutines. [airflow.jobs.triggerer_job_runner] loc=triggerer_job_runner.py:735
airflow-triggerer-1  | 2026-09-29T11:54:31.413553532+01:00 2026-09-29T10:54:28.254746Z [info     ] Triggerer's async thread was blocked for 0.25 seconds, likely by a badly-written trigger. Set PYTHONASYNCIODEBUG=1 to get more information on overrunning coroutines. [airflow.jobs.triggerer_job_runner] loc=triggerer_job_runner.py:735
airflow-triggerer-1  | 2026-09-29T11:54:31.565172416+01:00 2026-09-29T10:54:28.826295Z [info     ] Triggerer's async thread was blocked for 0.34 seconds, likely by a badly-written trigger. Set PYTHONASYNCIODEBUG=1 to get more information on overrunning coroutines. [airflow.jobs.triggerer_job_runner] loc=triggerer_job_runner.py:735
airflow-triggerer-1  | 2026-09-29T11:54:31.569210709+01:00 2026-09-29T10:54:30.039306Z [info     ] Triggerer's async thread was blocked for 1.05 seconds, likely by a badly-written trigger. Set PYTHONASYNCIODEBUG=1 to get more information on overrunning coroutines. [airflow.jobs.triggerer_job_runner] loc=triggerer_job_runner.py:735
airflow-triggerer-1  | 2026-09-29T11:54:31.569344619+01:00 2026-09-29T10:54:30.725193Z [info     ] Triggerer's async thread was blocked for 0.29 seconds, likely by a badly-written trigger. Set PYTHONASYNCIODEBUG=1 to get more information on overrunning coroutines. [airflow.jobs.triggerer_job_runner] loc=triggerer_job_runner.py:735
airflow-triggerer-1  | 2026-09-29T11:54:31.569352819+01:00 2026-09-29T10:54:31.131527Z [info     ] Triggerer's async thread was blocked for 0.31 seconds, likely by a badly-written trigger. Set PYTHONASYNCIODEBUG=1 to get more information on overrunning coroutines. [airflow.jobs.triggerer_job_runner] loc=triggerer_job_runner.py:735
minio_init-1         | 2026-09-29T11:54:32.868634639+01:00 mc: <ERROR> `config` is not a recognized command. Get help using `--help` flag. 
minio_init-1         | 2026-09-29T11:54:32.871915562+01:00 MinIO not up and running yet...
minio_init-1         | 2026-09-29T11:54:34.574460167+01:00 mc: <ERROR> `config` is not a recognized command. Get help using `--help` flag. 
minio_init-1         | 2026-09-29T11:54:34.624663564+01:00 MinIO not up and running yet...
airflow-triggerer-1  | 2026-09-29T11:54:35.249706663+01:00 2026-09-29T10:54:31.909520Z [info     ] Triggerer's async thread was blocked for 0.20 seconds, likely by a badly-written trigger. Set PYTHONASYNCIODEBUG=1 to get more information on overrunning coroutines. [airflow.jobs.triggerer_job_runner] loc=triggerer_job_runner.py:735
airflow-triggerer-1  | 2026-09-29T11:54:35.249753066+01:00 2026-09-29T10:54:32.492677Z [info     ] Triggerer's async thread was blocked for 0.22 seconds, likely by a badly-written trigger. Set PYTHONASYNCIODEBUG=1 to get more information on overrunning coroutines. [airflow.jobs.triggerer_job_runner] loc=triggerer_job_runner.py:735
airflow-triggerer-1  | 2026-09-29T11:54:35.249758666+01:00 2026-09-29T10:54:33.385030Z [info     ] Triggerer's async thread was blocked for 0.21 seconds, likely by a badly-written trigger. Set PYTHONASYNCIODEBUG=1 to get more information on overrunning coroutines. [airflow.jobs.triggerer_job_runner] loc=triggerer_job_runner.py:735
airflow-triggerer-1  | 2026-09-29T11:54:35.342965782+01:00 2026-09-29T10:54:35.030957Z [info     ] Triggerer's async thread was blocked for 0.21 seconds, likely by a badly-written trigger. Set PYTHONASYNCIODEBUG=1 to get more information on overrunning coroutines. [airflow.jobs.triggerer_job_runner] loc=triggerer_job_runner.py:735
minio_init-1         | 2026-09-29T11:54:36.849205930+01:00 mc: <ERROR> `config` is not a recognized command. Get help using `--help` flag. 
minio_init-1         | 2026-09-29T11:54:36.874552259+01:00 MinIO not up and running yet...
airflow-triggerer-1  | 2026-09-29T11:54:37.852939305+01:00 2026-09-29T10:54:36.013025Z [info     ] Triggerer's async thread was blocked for 0.26 seconds, likely by a badly-written trigger. Set PYTHONASYNCIODEBUG=1 to get more information on overrunning coroutines. [airflow.jobs.triggerer_job_runner] loc=triggerer_job_runner.py:735
airflow-triggerer-1  | 2026-09-29T11:54:37.855308822+01:00 2026-09-29T10:54:36.575486Z [info     ] Triggerer's async thread was blocked for 0.24 seconds, likely by a badly-written trigger. Set PYTHONASYNCIODEBUG=1 to get more information on overrunning coroutines. [airflow.jobs.triggerer_job_runner] loc=triggerer_job_runner.py:735
airflow-scheduler-1  | 2026-09-29T11:54:38.249581561+01:00 127.0.0.1 - - [29/Sep/2026 10:54:38] "GET /health HTTP/1.1" 200 -
minio_init-1         | 2026-09-29T11:54:38.490538370+01:00 mc: <ERROR> `config` is not a recognized command. Get help using `--help` flag. 
minio_init-1         | 2026-09-29T11:54:38.499943204+01:00 MinIO not up and running yet...
airflow-triggerer-1  | 2026-09-29T11:54:40.077575265+01:00 2026-09-29T10:54:39.218295Z [info     ] Triggerer's async thread was blocked for 0.30 seconds, likely by a badly-written trigger. Set PYTHONASYNCIODEBUG=1 to get more information on overrunning coroutines. [airflow.jobs.triggerer_job_runner] loc=triggerer_job_runner.py:735
minio_init-1         | 2026-09-29T11:54:40.158753254+01:00 mc: <ERROR> `config` is not a recognized command. Get help using `--help` flag. 
minio_init-1         | 2026-09-29T11:54:40.195453542+01:00 MinIO not up and running yet...
minio_init-1         | 2026-09-29T11:54:41.757707140+01:00 mc: <ERROR> `config` is not a recognized command. Get help using `--help` flag. 
minio_init-1         | 2026-09-29T11:54:41.772848015+01:00 MinIO not up and running yet...
minio_init-1         | 2026-09-29T11:54:43.298307549+01:00 mc: <ERROR> `config` is not a recognized command. Get help using `--help` flag. 
minio_init-1         | 2026-09-29T11:54:43.331226548+01:00 MinIO not up and running yet...
minio_init-1         | 2026-09-29T11:54:44.693217481+01:00 mc: <ERROR> `config` is not a recognized command. Get help using `--help` flag. 
minio_init-1         | 2026-09-29T11:54:44.732996626+01:00 MinIO not up and running yet...
airflow-init-1       | 2026-09-29T11:54:45.978349597+01:00 
minio_init-1         | 2026-09-29T11:54:45.980454958+01:00 mc: <ERROR> `config` is not a recognized command. Get help using `--help` flag. 
minio_init-1         | 2026-09-29T11:54:46.037431670+01:00 MinIO not up and running yet...
airflow-triggerer-1  | 2026-09-29T11:54:46.271823317+01:00 2026-09-29T10:54:44.183012Z [info     ] Triggerer's async thread was blocked for 0.20 seconds, likely by a badly-written trigger. Set PYTHONASYNCIODEBUG=1 to get more information on overrunning coroutines. [airflow.jobs.triggerer_job_runner] loc=triggerer_job_runner.py:735
airflow-triggerer-1  | 2026-09-29T11:54:46.315866329+01:00 2026-09-29T10:54:44.661211Z [info     ] Triggerer's async thread was blocked for 0.20 seconds, likely by a badly-written trigger. Set PYTHONASYNCIODEBUG=1 to get more information on overrunning coroutines. [airflow.jobs.triggerer_job_runner] loc=triggerer_job_runner.py:735
minio_init-1         | 2026-09-29T11:54:47.339086399+01:00 mc: <ERROR> `config` is not a recognized command. Get help using `--help` flag. 
minio_init-1         | 2026-09-29T11:54:47.341763668+01:00 MinIO not up and running yet...
airflow-triggerer-1  | 2026-09-29T11:54:47.684984719+01:00 2026-09-29T10:54:47.564903Z [info     ] Triggerer's async thread was blocked for 0.23 seconds, likely by a badly-written trigger. Set PYTHONASYNCIODEBUG=1 to get more information on overrunning coroutines. [airflow.jobs.triggerer_job_runner] loc=triggerer_job_runner.py:735
airflow-triggerer-1  | 2026-09-29T11:54:48.285243045+01:00 2026-09-29T10:54:48.124691Z [info     ] Triggerer's async thread was blocked for 0.22 seconds, likely by a badly-written trigger. Set PYTHONASYNCIODEBUG=1 to get more information on overrunning coroutines. [airflow.jobs.triggerer_job_runner] loc=triggerer_job_runner.py:735
minio_init-1         | 2026-09-29T11:54:48.650888984+01:00 mc: <ERROR> `config` is not a recognized command. Get help using `--help` flag. 
minio_init-1         | 2026-09-29T11:54:48.729168877+01:00 MinIO not up and running yet...
airflow-triggerer-1  | 2026-09-29T11:54:49.621144907+01:00 2026-09-29T10:54:48.901791Z [info     ] Triggerer's async thread was blocked for 0.24 seconds, likely by a badly-written trigger. Set PYTHONASYNCIODEBUG=1 to get more information on overrunning coroutines. [airflow.jobs.triggerer_job_runner] loc=triggerer_job_runner.py:735
airflow-triggerer-1  | 2026-09-29T11:54:49.667712463+01:00 2026-09-29T10:54:49.608124Z [info     ] Triggerer's async thread was blocked for 0.35 seconds, likely by a badly-written trigger. Set PYTHONASYNCIODEBUG=1 to get more information on overrunning coroutines. [airflow.jobs.triggerer_job_runner] loc=triggerer_job_runner.py:735
minio_init-1         | 2026-09-29T11:54:49.949359345+01:00 MinIO not up and running yet...
minio_init-1         | 2026-09-29T11:54:49.949641752+01:00 mc: <ERROR> `config` is not a recognized command. Get help using `--help` flag. 
minio_init-1         | 2026-09-29T11:54:51.664238378+01:00 mc: <ERROR> `config` is not a recognized command. Get help using `--help` flag. 
minio_init-1         | 2026-09-29T11:54:51.713887567+01:00 MinIO not up and running yet...
airflow-triggerer-1  | 2026-09-29T11:54:52.008981339+01:00 2026-09-29T10:54:51.476731Z [info     ] Triggerer's async thread was blocked for 0.26 seconds, likely by a badly-written trigger. Set PYTHONASYNCIODEBUG=1 to get more information on overrunning coroutines. [airflow.jobs.triggerer_job_runner] loc=triggerer_job_runner.py:735
airflow-triggerer-1  | 2026-09-29T11:54:52.208098857+01:00 2026-09-29T10:54:51.943812Z [info     ] Triggerer's async thread was blocked for 0.23 seconds, likely by a badly-written trigger. Set PYTHONASYNCIODEBUG=1 to get more information on overrunning coroutines. [airflow.jobs.triggerer_job_runner] loc=triggerer_job_runner.py:735
minio_init-1         | 2026-09-29T11:54:53.300942313+01:00 mc: <ERROR> `config` is not a recognized command. Get help using `--help` flag. 
minio_init-1         | 2026-09-29T11:54:53.307374726+01:00 MinIO not up and running yet...
airflow-triggerer-1  | 2026-09-29T11:54:54.741883325+01:00 2026-09-29T10:54:52.215679Z [info     ] Triggerer's async thread was blocked for 0.24 seconds, likely by a badly-written trigger. Set PYTHONASYNCIODEBUG=1 to get more information on overrunning coroutines. [airflow.jobs.triggerer_job_runner] loc=triggerer_job_runner.py:735
airflow-triggerer-1  | 2026-09-29T11:54:54.742720939+01:00 2026-09-29T10:54:52.542383Z [info     ] Triggerer's async thread was blocked for 0.22 seconds, likely by a badly-written trigger. Set PYTHONASYNCIODEBUG=1 to get more information on overrunning coroutines. [airflow.jobs.triggerer_job_runner] loc=triggerer_job_runner.py:735
minio_init-1         | 2026-09-29T11:54:54.847450257+01:00 mc: <ERROR> `config` is not a recognized command. Get help using `--help` flag. 
minio_init-1         | 2026-09-29T11:54:54.915199068+01:00 MinIO not up and running yet...
minio_init-1         | 2026-09-29T11:54:56.333391467+01:00 mc: <ERROR> `config` is not a recognized command. Get help using `--help` flag. 
minio_init-1         | 2026-09-29T11:54:56.380003240+01:00 MinIO not up and running yet...
airflow-apiserver-1  | 2026-09-29T11:54:56.841797501+01:00 INFO:     127.0.0.1:55670 - "GET /api/v2/version HTTP/1.1" 200 OK
minio_init-1         | 2026-09-29T11:54:57.797232469+01:00 mc: <ERROR> `config` is not a recognized command. Get help using `--help` flag. 
minio_init-1         | 2026-09-29T11:54:57.811120057+01:00 MinIO not up and running yet...
minio_init-1         | 2026-09-29T11:54:59.194553310+01:00 mc: <ERROR> `config` is not a recognized command. Get help using `--help` flag. 
minio_init-1         | 2026-09-29T11:54:59.215643660+01:00 MinIO not up and running yet...
airflow-triggerer-1  | 2026-09-29T11:54:59.478995290+01:00 2026-09-29T10:54:55.268310Z [info     ] Triggerer's async thread was blocked for 0.43 seconds, likely by a badly-written trigger. Set PYTHONASYNCIODEBUG=1 to get more information on overrunning coroutines. [airflow.jobs.triggerer_job_runner] loc=triggerer_job_runner.py:735
airflow-triggerer-1  | 2026-09-29T11:54:59.479032190+01:00 2026-09-29T10:54:56.286784Z [info     ] Triggerer's async thread was blocked for 0.33 seconds, likely by a badly-written trigger. Set PYTHONASYNCIODEBUG=1 to get more information on overrunning coroutines. [airflow.jobs.triggerer_job_runner] loc=triggerer_job_runner.py:735
airflow-triggerer-1  | 2026-09-29T11:54:59.479036890+01:00 2026-09-29T10:54:56.773518Z [info     ] Triggerer's async thread was blocked for 0.34 seconds, likely by a badly-written trigger. Set PYTHONASYNCIODEBUG=1 to get more information on overrunning coroutines. [airflow.jobs.triggerer_job_runner] loc=triggerer_job_runner.py:735
airflow-triggerer-1  | 2026-09-29T11:54:59.479041290+01:00 2026-09-29T10:54:57.692202Z [info     ] Triggerer's async thread was blocked for 0.21 seconds, likely by a badly-written trigger. Set PYTHONASYNCIODEBUG=1 to get more information on overrunning coroutines. [airflow.jobs.triggerer_job_runner] loc=triggerer_job_runner.py:735
airflow-triggerer-1  | 2026-09-29T11:54:59.710371040+01:00 2026-09-29T10:54:59.045037Z [info     ] Triggerer's async thread was blocked for 0.28 seconds, likely by a badly-written trigger. Set PYTHONASYNCIODEBUG=1 to get more information on overrunning coroutines. [airflow.jobs.triggerer_job_runner] loc=triggerer_job_runner.py:735
minio_init-1         | 2026-09-29T11:55:00.625064549+01:00 mc: <ERROR> `config` is not a recognized command. Get help using `--help` flag. 
minio_init-1         | 2026-09-29T11:55:00.640611222+01:00 MinIO not up and running yet...
airflow-scheduler-1  | 2026-09-29T11:55:01.507718731+01:00 2026-09-29T10:55:01.501220Z [info     ] Task stuck in queued; will try to requeue. task_instance=<TaskInstance: nyc_dag.download_citi_bike_data scheduled__2026-09-29T10:00:00+00:00 [queued]> [airflow.jobs.scheduler_job_runner.SchedulerJobRunner] loc=scheduler_job_runner.py:2102
airflow-triggerer-1  | 2026-09-29T11:55:01.628336691+01:00 2026-09-29T10:54:59.753780Z [info     ] Triggerer's async thread was blocked for 0.39 seconds, likely by a badly-written trigger. Set PYTHONASYNCIODEBUG=1 to get more information on overrunning coroutines. [airflow.jobs.triggerer_job_runner] loc=triggerer_job_runner.py:735
airflow-triggerer-1  | 2026-09-29T11:55:01.669820024+01:00 2026-09-29T10:55:01.273320Z [info     ] 0 triggers currently running   [airflow.jobs.triggerer_job_runner] loc=triggerer_job_runner.py:735
airflow-scheduler-1  | 2026-09-29T11:55:01.949342443+01:00 2026-09-29T10:55:01.948451Z [info     ] Task stuck in queued; will try to requeue. task_instance=<TaskInstance: nyc_dag.download_taxi_data scheduled__2026-09-29T10:00:00+00:00 [queued]> [airflow.jobs.scheduler_job_runner.SchedulerJobRunner] loc=scheduler_job_runner.py:2102
minio_init-1         | 2026-09-29T11:55:02.002809902+01:00 mc: <ERROR> `config` is not a recognized command. Get help using `--help` flag. 
minio_init-1         | 2026-09-29T11:55:02.020964881+01:00 MinIO not up and running yet...
airflow-scheduler-1  | 2026-09-29T11:55:02.125183701+01:00 2026-09-29T10:55:02.117915Z [info     ] Task stuck in queued; will try to requeue. task_instance=<TaskInstance: nyc_dag.download_citi_bike_data scheduled__2026-09-29T10:15:00+00:00 [queued]> [airflow.jobs.scheduler_job_runner.SchedulerJobRunner] loc=scheduler_job_runner.py:2102
airflow-triggerer-1  | 2026-09-29T11:55:02.157871221+01:00 2026-09-29T10:55:01.273619Z [info     ] Triggerer's async thread was blocked for 0.62 seconds, likely by a badly-written trigger. Set PYTHONASYNCIODEBUG=1 to get more information on overrunning coroutines. [airflow.jobs.triggerer_job_runner] loc=triggerer_job_runner.py:735
airflow-triggerer-1  | 2026-09-29T11:55:02.160623048+01:00 2026-09-29T10:55:01.273859Z [info     ] 0 watchers currently running   [airflow.jobs.triggerer_job_runner] loc=triggerer_job_runner.py:735
airflow-scheduler-1  | 2026-09-29T11:55:02.342222626+01:00 2026-09-29T10:55:02.327957Z [info     ] Task stuck in queued; will try to requeue. task_instance=<TaskInstance: nyc_dag.download_taxi_data scheduled__2026-09-29T10:15:00+00:00 [queued]> [airflow.jobs.scheduler_job_runner.SchedulerJobRunner] loc=scheduler_job_runner.py:2102
minio_init-1         | 2026-09-29T11:55:03.789475161+01:00 mc: <ERROR> `config` is not a recognized command. Get help using `--help` flag. 
minio_init-1         | 2026-09-29T11:55:03.986404510+01:00 MinIO not up and running yet...
airflow-scheduler-1  | 2026-09-29T11:55:05.065036690+01:00 2026-09-29T10:55:05.044973Z [info     ] 4 tasks up for execution:
airflow-scheduler-1  | 2026-09-29T11:55:05.065140366+01:00 	<TaskInstance: nyc_dag.download_citi_bike_data scheduled__2026-09-29T10:00:00+00:00 [scheduled]>
airflow-scheduler-1  | 2026-09-29T11:55:05.065198866+01:00 	<TaskInstance: nyc_dag.download_taxi_data scheduled__2026-09-29T10:00:00+00:00 [scheduled]>
airflow-scheduler-1  | 2026-09-29T11:55:05.065205908+01:00 	<TaskInstance: nyc_dag.download_citi_bike_data scheduled__2026-09-29T10:15:00+00:00 [scheduled]>
airflow-scheduler-1  | 2026-09-29T11:55:05.065215333+01:00 	<TaskInstance: nyc_dag.download_taxi_data scheduled__2026-09-29T10:15:00+00:00 [scheduled]> [airflow.jobs.scheduler_job_runner.SchedulerJobRunner] loc=scheduler_job_runner.py:444
airflow-scheduler-1  | 2026-09-29T11:55:05.129376118+01:00 2026-09-29T10:55:05.127438Z [info     ] DAG nyc_dag has 0/16 running and queued tasks [airflow.jobs.scheduler_job_runner.SchedulerJobRunner] loc=scheduler_job_runner.py:516
airflow-scheduler-1  | 2026-09-29T11:55:05.129416743+01:00 2026-09-29T10:55:05.127995Z [info     ] DAG nyc_dag has 1/16 running and queued tasks [airflow.jobs.scheduler_job_runner.SchedulerJobRunner] loc=scheduler_job_runner.py:516
airflow-scheduler-1  | 2026-09-29T11:55:05.129422702+01:00 2026-09-29T10:55:05.128326Z [info     ] DAG nyc_dag has 0/16 running and queued tasks [airflow.jobs.scheduler_job_runner.SchedulerJobRunner] loc=scheduler_job_runner.py:516
airflow-scheduler-1  | 2026-09-29T11:55:05.129440035+01:00 2026-09-29T10:55:05.128600Z [info     ] DAG nyc_dag has 1/16 running and queued tasks [airflow.jobs.scheduler_job_runner.SchedulerJobRunner] loc=scheduler_job_runner.py:516
airflow-scheduler-1  | 2026-09-29T11:55:05.165523320+01:00 2026-09-29T10:55:05.139558Z [info     ] Setting the following tasks to queued state:
airflow-scheduler-1  | 2026-09-29T11:55:05.165562970+01:00 	<TaskInstance: nyc_dag.download_citi_bike_data scheduled__2026-09-29T10:00:00+00:00 [scheduled]>
airflow-scheduler-1  | 2026-09-29T11:55:05.165567737+01:00 	<TaskInstance: nyc_dag.download_taxi_data scheduled__2026-09-29T10:00:00+00:00 [scheduled]>
airflow-scheduler-1  | 2026-09-29T11:55:05.165571854+01:00 	<TaskInstance: nyc_dag.download_citi_bike_data scheduled__2026-09-29T10:15:00+00:00 [scheduled]>
airflow-scheduler-1  | 2026-09-29T11:55:05.165576837+01:00 	<TaskInstance: nyc_dag.download_taxi_data scheduled__2026-09-29T10:15:00+00:00 [scheduled]> [airflow.jobs.scheduler_job_runner.SchedulerJobRunner] loc=scheduler_job_runner.py:655
airflow-scheduler-1  | 2026-09-29T11:55:05.359944423+01:00 2026-09-29T10:55:05.352929Z [info     ] Trying to enqueue tasks: [<TaskInstance: nyc_dag.download_citi_bike_data scheduled__2026-09-29T10:00:00+00:00 [scheduled]>, <TaskInstance: nyc_dag.download_taxi_data scheduled__2026-09-29T10:00:00+00:00 [scheduled]>, <TaskInstance: nyc_dag.download_citi_bike_data scheduled__2026-09-29T10:15:00+00:00 [scheduled]>, <TaskInstance: nyc_dag.download_taxi_data scheduled__2026-09-29T10:15:00+00:00 [scheduled]>] for executor: CeleryExecutor(parallelism=32) [airflow.jobs.scheduler_job_runner.SchedulerJobRunner] loc=scheduler_job_runner.py:740
airflow-triggerer-1  | 2026-09-29T11:55:05.562577253+01:00 2026-09-29T10:55:01.941477Z [info     ] Triggerer's async thread was blocked for 0.23 seconds, likely by a badly-written trigger. Set PYTHONASYNCIODEBUG=1 to get more information on overrunning coroutines. [airflow.jobs.triggerer_job_runner] loc=triggerer_job_runner.py:735
minio_init-1         | 2026-09-29T11:55:05.670599606+01:00 mc: <ERROR> `config` is not a recognized command. Get help using `--help` flag. 
minio_init-1         | 2026-09-29T11:55:05.717858857+01:00 MinIO not up and running yet...
airflow-triggerer-1  | 2026-09-29T11:55:05.869976670+01:00 2026-09-29T10:55:03.491904Z [info     ] Triggerer's async thread was blocked for 1.16 seconds, likely by a badly-written trigger. Set PYTHONASYNCIODEBUG=1 to get more information on overrunning coroutines. [airflow.jobs.triggerer_job_runner] loc=triggerer_job_runner.py:735
airflow-triggerer-1  | 2026-09-29T11:55:05.871437881+01:00 2026-09-29T10:55:03.735936Z [info     ] Triggerer's async thread was blocked for 0.24 seconds, likely by a badly-written trigger. Set PYTHONASYNCIODEBUG=1 to get more information on overrunning coroutines. [airflow.jobs.triggerer_job_runner] loc=triggerer_job_runner.py:735
airflow-triggerer-1  | 2026-09-29T11:55:05.871478398+01:00 2026-09-29T10:55:04.325304Z [info     ] Triggerer's async thread was blocked for 0.40 seconds, likely by a badly-written trigger. Set PYTHONASYNCIODEBUG=1 to get more information on overrunning coroutines. [airflow.jobs.triggerer_job_runner] loc=triggerer_job_runner.py:735
minio_init-1         | 2026-09-29T11:55:07.028611632+01:00 mc: <ERROR> `config` is not a recognized command. Get help using `--help` flag. 
minio_init-1         | 2026-09-29T11:55:07.037689374+01:00 MinIO not up and running yet...
airflow-triggerer-1  | 2026-09-29T11:55:07.058671620+01:00 2026-09-29T10:55:05.811050Z [info     ] Triggerer's async thread was blocked for 0.26 seconds, likely by a badly-written trigger. Set PYTHONASYNCIODEBUG=1 to get more information on overrunning coroutines. [airflow.jobs.triggerer_job_runner] loc=triggerer_job_runner.py:735
airflow-triggerer-1  | 2026-09-29T11:55:07.075292337+01:00 2026-09-29T10:55:06.016105Z [info     ] Triggerer's async thread was blocked for 0.20 seconds, likely by a badly-written trigger. Set PYTHONASYNCIODEBUG=1 to get more information on overrunning coroutines. [airflow.jobs.triggerer_job_runner] loc=triggerer_job_runner.py:735
airflow-triggerer-1  | 2026-09-29T11:55:07.923753921+01:00 2026-09-29T10:55:07.157258Z [info     ] Triggerer's async thread was blocked for 0.22 seconds, likely by a badly-written trigger. Set PYTHONASYNCIODEBUG=1 to get more information on overrunning coroutines. [airflow.jobs.triggerer_job_runner] loc=triggerer_job_runner.py:735
minio_init-1         | 2026-09-29T11:55:08.199207668+01:00 mc: <ERROR> `config` is not a recognized command. Get help using `--help` flag. 
minio_init-1         | 2026-09-29T11:55:08.245261899+01:00 MinIO not up and running yet...
airflow-triggerer-1  | 2026-09-29T11:55:10.231681687+01:00 2026-09-29T10:55:08.745157Z [info     ] Triggerer's async thread was blocked for 0.23 seconds, likely by a badly-written trigger. Set PYTHONASYNCIODEBUG=1 to get more information on overrunning coroutines. [airflow.jobs.triggerer_job_runner] loc=triggerer_job_runner.py:735
airflow-triggerer-1  | 2026-09-29T11:55:10.235917339+01:00 2026-09-29T10:55:09.476896Z [info     ] Triggerer's async thread was blocked for 0.73 seconds, likely by a badly-written trigger. Set PYTHONASYNCIODEBUG=1 to get more information on overrunning coroutines. [airflow.jobs.triggerer_job_runner] loc=triggerer_job_runner.py:735
airflow-triggerer-1  | 2026-09-29T11:55:10.238567607+01:00 2026-09-29T10:55:10.072684Z [info     ] Triggerer's async thread was blocked for 0.30 seconds, likely by a badly-written trigger. Set PYTHONASYNCIODEBUG=1 to get more information on overrunning coroutines. [airflow.jobs.triggerer_job_runner] loc=triggerer_job_runner.py:735
minio_init-1         | 2026-09-29T11:55:11.727044197+01:00 mc: <ERROR> `config` is not a recognized command. Get help using `--help` flag. 
minio_init-1         | 2026-09-29T11:55:11.825631551+01:00 MinIO not up and running yet...
airflow-scheduler-1  | 2026-09-29T11:55:16.826043788+01:00 127.0.0.1 - - [29/Sep/2026 10:55:15] "GET /health HTTP/1.1" 200 -
airflow-triggerer-1  | 2026-09-29T11:55:16.837746534+01:00 2026-09-29T10:55:10.797767Z [info     ] Triggerer's async thread was blocked for 0.42 seconds, likely by a badly-written trigger. Set PYTHONASYNCIODEBUG=1 to get more information on overrunning coroutines. [airflow.jobs.triggerer_job_runner] loc=triggerer_job_runner.py:735
airflow-triggerer-1  | 2026-09-29T11:55:16.838101235+01:00 2026-09-29T10:55:12.165787Z [info     ] Triggerer's async thread was blocked for 0.31 seconds, likely by a badly-written trigger. Set PYTHONASYNCIODEBUG=1 to get more information on overrunning coroutines. [airflow.jobs.triggerer_job_runner] loc=triggerer_job_runner.py:735
minio_init-1         | 2026-09-29T11:55:17.585500741+01:00 mc: <ERROR> `config` is not a recognized command. Get help using `--help` flag. 
minio_init-1         | 2026-09-29T11:55:17.586939446+01:00 MinIO not up and running yet...
airflow-triggerer-1  | 2026-09-29T11:55:17.587946350+01:00 2026-09-29T10:55:16.606338Z [info     ] Triggerer's async thread was blocked for 0.37 seconds, likely by a badly-written trigger. Set PYTHONASYNCIODEBUG=1 to get more information on overrunning coroutines. [airflow.jobs.triggerer_job_runner] loc=triggerer_job_runner.py:735
airflow-triggerer-1  | 2026-09-29T11:55:17.590221359+01:00 2026-09-29T10:55:16.810494Z [info     ] Triggerer's async thread was blocked for 0.20 seconds, likely by a badly-written trigger. Set PYTHONASYNCIODEBUG=1 to get more information on overrunning coroutines. [airflow.jobs.triggerer_job_runner] loc=triggerer_job_runner.py:735
minio_init-1         | 2026-09-29T11:55:18.642558501+01:00 mc: <ERROR> `config` is not a recognized command. Get help using `--help` flag. 
minio_init-1         | 2026-09-29T11:55:18.707102624+01:00 MinIO not up and running yet...
airflow-triggerer-1  | 2026-09-29T11:55:19.526220648+01:00 2026-09-29T10:55:17.355695Z [info     ] Triggerer's async thread was blocked for 0.54 seconds, likely by a badly-written trigger. Set PYTHONASYNCIODEBUG=1 to get more information on overrunning coroutines. [airflow.jobs.triggerer_job_runner] loc=triggerer_job_runner.py:735
airflow-triggerer-1  | 2026-09-29T11:55:19.528400955+01:00 2026-09-29T10:55:18.895962Z [info     ] Triggerer's async thread was blocked for 0.36 seconds, likely by a badly-written trigger. Set PYTHONASYNCIODEBUG=1 to get more information on overrunning coroutines. [airflow.jobs.triggerer_job_runner] loc=triggerer_job_runner.py:735
minio_init-1         | 2026-09-29T11:55:20.130396108+01:00 mc: <ERROR> `config` is not a recognized command. Get help using `--help` flag. 
minio_init-1         | 2026-09-29T11:55:20.199588924+01:00 MinIO not up and running yet...
airflow-triggerer-1  | 2026-09-29T11:55:20.326081524+01:00 2026-09-29T10:55:19.760878Z [info     ] Triggerer's async thread was blocked for 0.21 seconds, likely by a badly-written trigger. Set PYTHONASYNCIODEBUG=1 to get more information on overrunning coroutines. [airflow.jobs.triggerer_job_runner] loc=triggerer_job_runner.py:735
airflow-triggerer-1  | 2026-09-29T11:55:20.346388144+01:00 2026-09-29T10:55:20.023028Z [info     ] Triggerer's async thread was blocked for 0.26 seconds, likely by a badly-written trigger. Set PYTHONASYNCIODEBUG=1 to get more information on overrunning coroutines. [airflow.jobs.triggerer_job_runner] loc=triggerer_job_runner.py:735
airflow-triggerer-1  | 2026-09-29T11:55:20.346422427+01:00 2026-09-29T10:55:20.233730Z [info     ] Triggerer's async thread was blocked for 0.21 seconds, likely by a badly-written trigger. Set PYTHONASYNCIODEBUG=1 to get more information on overrunning coroutines. [airflow.jobs.triggerer_job_runner] loc=triggerer_job_runner.py:735
airflow-scheduler-1  | 2026-09-29T11:55:21.338415349+01:00 2026-09-29T10:55:21.173003Z [error    ] Process timed out              [task] loc=timeout.py:37 pid=7
minio_init-1         | 2026-09-29T11:55:21.673018900+01:00 mc: <ERROR> `config` is not a recognized command. Get help using `--help` flag. 
minio_init-1         | 2026-09-29T11:55:21.737426283+01:00 MinIO not up and running yet...
airflow-triggerer-1  | 2026-09-29T11:55:22.100324299+01:00 2026-09-29T10:55:20.784996Z [info     ] Triggerer's async thread was blocked for 0.30 seconds, likely by a badly-written trigger. Set PYTHONASYNCIODEBUG=1 to get more information on overrunning coroutines. [airflow.jobs.triggerer_job_runner] loc=triggerer_job_runner.py:735
airflow-triggerer-1  | 2026-09-29T11:55:22.107183617+01:00 2026-09-29T10:55:21.094025Z [info     ] Triggerer's async thread was blocked for 0.20 seconds, likely by a badly-written trigger. Set PYTHONASYNCIODEBUG=1 to get more information on overrunning coroutines. [airflow.jobs.triggerer_job_runner] loc=triggerer_job_runner.py:735
minio_init-1         | 2026-09-29T11:55:23.240437195+01:00 mc: <ERROR> `config` is not a recognized command. Get help using `--help` flag. 
minio_init-1         | 2026-09-29T11:55:23.266239460+01:00 MinIO not up and running yet...
airflow-triggerer-1  | 2026-09-29T11:55:23.356927986+01:00 2026-09-29T10:55:23.347194Z [info     ] Triggerer's async thread was blocked for 0.22 seconds, likely by a badly-written trigger. Set PYTHONASYNCIODEBUG=1 to get more information on overrunning coroutines. [airflow.jobs.triggerer_job_runner] loc=triggerer_job_runner.py:735
minio_init-1         | 2026-09-29T11:55:24.580481048+01:00 mc: <ERROR> `config` is not a recognized command. Get help using `--help` flag. 
minio_init-1         | 2026-09-29T11:55:24.582275752+01:00 MinIO not up and running yet...
airflow-scheduler-1  | 2026-09-29T11:55:25.944171495+01:00 2026-09-29T10:55:25.937282Z [error    ] Process timed out              [task] loc=timeout.py:37 pid=7
minio_init-1         | 2026-09-29T11:55:26.041882204+01:00 mc: <ERROR> `config` is not a recognized command. Get help using `--help` flag. 
minio_init-1         | 2026-09-29T11:55:26.059371140+01:00 MinIO not up and running yet...
airflow-triggerer-1  | 2026-09-29T11:55:26.973359313+01:00 2026-09-29T10:55:26.547513Z [info     ] Triggerer's async thread was blocked for 0.23 seconds, likely by a badly-written trigger. Set PYTHONASYNCIODEBUG=1 to get more information on overrunning coroutines. [airflow.jobs.triggerer_job_runner] loc=triggerer_job_runner.py:735
minio_init-1         | 2026-09-29T11:55:27.714106540+01:00 mc: <ERROR> `config` is not a recognized command. Get help using `--help` flag. 
minio_init-1         | 2026-09-29T11:55:27.795071405+01:00 MinIO not up and running yet...
airflow-triggerer-1  | 2026-09-29T11:55:28.909235717+01:00 2026-09-29T10:55:28.059521Z [info     ] Triggerer's async thread was blocked for 0.23 seconds, likely by a badly-written trigger. Set PYTHONASYNCIODEBUG=1 to get more information on overrunning coroutines. [airflow.jobs.triggerer_job_runner] loc=triggerer_job_runner.py:735
airflow-triggerer-1  | 2026-09-29T11:55:28.909282217+01:00 2026-09-29T10:55:28.860078Z [info     ] Triggerer's async thread was blocked for 0.59 seconds, likely by a badly-written trigger. Set PYTHONASYNCIODEBUG=1 to get more information on overrunning coroutines. [airflow.jobs.triggerer_job_runner] loc=triggerer_job_runner.py:735
airflow-apiserver-1  | 2026-09-29T11:55:29.710304358+01:00 INFO:     127.0.0.1:47734 - "GET /api/v2/version HTTP/1.1" 200 OK
airflow-scheduler-1  | 2026-09-29T11:55:32.164299553+01:00 2026-09-29T10:55:31.393120Z [error    ] Process timed out              [task] loc=timeout.py:37 pid=7
minio_init-1         | 2026-09-29T11:55:32.164541153+01:00 mc: <ERROR> `config` is not a recognized command. Get help using `--help` flag. 
minio_init-1         | 2026-09-29T11:55:32.170184470+01:00 MinIO not up and running yet...
airflow-triggerer-1  | 2026-09-29T11:55:32.379896095+01:00 2026-09-29T10:55:29.181574Z [info     ] Triggerer's async thread was blocked for 0.21 seconds, likely by a badly-written trigger. Set PYTHONASYNCIODEBUG=1 to get more information on overrunning coroutines. [airflow.jobs.triggerer_job_runner] loc=triggerer_job_runner.py:735
airflow-triggerer-1  | 2026-09-29T11:55:32.380072496+01:00 2026-09-29T10:55:29.938782Z [info     ] Triggerer's async thread was blocked for 0.33 seconds, likely by a badly-written trigger. Set PYTHONASYNCIODEBUG=1 to get more information on overrunning coroutines. [airflow.jobs.triggerer_job_runner] loc=triggerer_job_runner.py:735
airflow-scheduler-1  | 2026-09-29T11:55:33.421121363+01:00 2026-09-29T10:55:33.386754Z [info     ] [Try 1 of 3] Task Timeout Error for Task: (('nyc_dag', 'download_citi_bike_data', 'scheduled__2026-09-29T10:00:00+00:00', 1, -1)). [airflow.providers.celery.executors.celery_executor.CeleryExecutor] loc=celery_executor.py:368
airflow-scheduler-1  | 2026-09-29T11:55:33.421161663+01:00 2026-09-29T10:55:33.389980Z [info     ] [Try 1 of 3] Task Timeout Error for Task: (('nyc_dag', 'download_taxi_data', 'scheduled__2026-09-29T10:00:00+00:00', 1, -1)). [airflow.providers.celery.executors.celery_executor.CeleryExecutor] loc=celery_executor.py:368
airflow-scheduler-1  | 2026-09-29T11:55:33.421166763+01:00 2026-09-29T10:55:33.390636Z [info     ] [Try 1 of 3] Task Timeout Error for Task: (('nyc_dag', 'download_citi_bike_data', 'scheduled__2026-09-29T10:15:00+00:00', 1, -1)). [airflow.providers.celery.executors.celery_executor.CeleryExecutor] loc=celery_executor.py:368
airflow-triggerer-1  | 2026-09-29T11:55:33.978326275+01:00 2026-09-29T10:55:33.197917Z [info     ] Triggerer's async thread was blocked for 0.21 seconds, likely by a badly-written trigger. Set PYTHONASYNCIODEBUG=1 to get more information on overrunning coroutines. [airflow.jobs.triggerer_job_runner] loc=triggerer_job_runner.py:735
airflow-triggerer-1  | 2026-09-29T11:55:33.979744779+01:00 2026-09-29T10:55:33.560919Z [info     ] Triggerer's async thread was blocked for 0.35 seconds, likely by a badly-written trigger. Set PYTHONASYNCIODEBUG=1 to get more information on overrunning coroutines. [airflow.jobs.triggerer_job_runner] loc=triggerer_job_runner.py:735
minio_init-1         | 2026-09-29T11:55:35.955893860+01:00 mc: <ERROR> `config` is not a recognized command. Get help using `--help` flag. 
minio_init-1         | 2026-09-29T11:55:36.105960463+01:00 MinIO not up and running yet...
airflow-scheduler-1  | 2026-09-29T11:55:36.421730503+01:00 2026-09-29T10:55:36.405937Z [info     ] Received executor event with state queued for task instance TaskInstanceKey(dag_id='nyc_dag', task_id='download_taxi_data', run_id='scheduled__2026-09-29T10:15:00+00:00', try_number=1, map_index=-1) [airflow.jobs.scheduler_job_runner.SchedulerJobRunner] loc=scheduler_job_runner.py:818
airflow-triggerer-1  | 2026-09-29T11:55:37.174859395+01:00 2026-09-29T10:55:33.982683Z [info     ] Triggerer's async thread was blocked for 0.21 seconds, likely by a badly-written trigger. Set PYTHONASYNCIODEBUG=1 to get more information on overrunning coroutines. [airflow.jobs.triggerer_job_runner] loc=triggerer_job_runner.py:735
airflow-triggerer-1  | 2026-09-29T11:55:37.176965800+01:00 2026-09-29T10:55:36.393658Z [info     ] Triggerer's async thread was blocked for 0.61 seconds, likely by a badly-written trigger. Set PYTHONASYNCIODEBUG=1 to get more information on overrunning coroutines. [airflow.jobs.triggerer_job_runner] loc=triggerer_job_runner.py:735
airflow-scheduler-1  | 2026-09-29T11:55:37.392968572+01:00 2026-09-29T10:55:37.337336Z [info     ] Setting external_executor_id for <TaskInstance: nyc_dag.download_taxi_data scheduled__2026-09-29T10:15:00+00:00 [queued]> to 45e8d709-d3ba-40ab-a98e-9d373b4dc7a2 [airflow.jobs.scheduler_job_runner.SchedulerJobRunner] loc=scheduler_job_runner.py:854
minio_init-1         | 2026-09-29T11:55:38.229515968+01:00 mc: <ERROR> `config` is not a recognized command. Get help using `--help` flag. 
minio_init-1         | 2026-09-29T11:55:38.288023563+01:00 MinIO not up and running yet...
airflow-init-1       | 2026-09-29T11:55:38.381505115+01:00 2026-09-29T10:55:38.374445Z [warning  ] Skipping masking for a secret as it's too short (<5 chars) [airflow._shared.secrets_masker.secrets_masker] loc=secrets_masker.py:555
airflow-init-1       | 2026-09-29T11:55:38.401775448+01:00 2026-09-29T10:55:38.385925Z [warning  ] Skipping masking for a secret as it's too short (<5 chars) [airflow.sdk._shared.secrets_masker.secrets_masker] loc=secrets_masker.py:555
airflow-triggerer-1  | 2026-09-29T11:55:39.223181767+01:00 2026-09-29T10:55:37.359677Z [info     ] Triggerer's async thread was blocked for 0.26 seconds, likely by a badly-written trigger. Set PYTHONASYNCIODEBUG=1 to get more information on overrunning coroutines. [airflow.jobs.triggerer_job_runner] loc=triggerer_job_runner.py:735
airflow-triggerer-1  | 2026-09-29T11:55:39.293456577+01:00 2026-09-29T10:55:37.943192Z [info     ] Triggerer's async thread was blocked for 0.30 seconds, likely by a badly-written trigger. Set PYTHONASYNCIODEBUG=1 to get more information on overrunning coroutines. [airflow.jobs.triggerer_job_runner] loc=triggerer_job_runner.py:735
airflow-triggerer-1  | 2026-09-29T11:55:39.293603077+01:00 2026-09-29T10:55:38.450585Z [info     ] Triggerer's async thread was blocked for 0.45 seconds, likely by a badly-written trigger. Set PYTHONASYNCIODEBUG=1 to get more information on overrunning coroutines. [airflow.jobs.triggerer_job_runner] loc=triggerer_job_runner.py:735
minio_init-1         | 2026-09-29T11:55:39.555874787+01:00 mc: <ERROR> `config` is not a recognized command. Get help using `--help` flag. 
minio_init-1         | 2026-09-29T11:55:39.569630008+01:00 MinIO not up and running yet...
airflow-scheduler-1  | 2026-09-29T11:55:39.934315378+01:00 2026-09-29T10:55:39.933573Z [info     ] Heartbeat recovered after 38.35 seconds [airflow.jobs.job.Job] loc=job.py:253
airflow-triggerer-1  | 2026-09-29T11:55:40.627681626+01:00 2026-09-29T10:55:39.620502Z [info     ] Triggerer's async thread was blocked for 0.29 seconds, likely by a badly-written trigger. Set PYTHONASYNCIODEBUG=1 to get more information on overrunning coroutines. [airflow.jobs.triggerer_job_runner] loc=triggerer_job_runner.py:735
airflow-scheduler-1  | 2026-09-29T11:55:41.043809151+01:00 2026-09-29T10:55:41.042601Z [info     ] Received executor event with state queued for task instance TaskInstanceKey(dag_id='nyc_dag', task_id='download_citi_bike_data', run_id='scheduled__2026-09-29T10:00:00+00:00', try_number=1, map_index=-1) [airflow.jobs.scheduler_job_runner.SchedulerJobRunner] loc=scheduler_job_runner.py:818
airflow-scheduler-1  | 2026-09-29T11:55:41.064876781+01:00 2026-09-29T10:55:41.043357Z [info     ] Received executor event with state queued for task instance TaskInstanceKey(dag_id='nyc_dag', task_id='download_taxi_data', run_id='scheduled__2026-09-29T10:00:00+00:00', try_number=1, map_index=-1) [airflow.jobs.scheduler_job_runner.SchedulerJobRunner] loc=scheduler_job_runner.py:818
minio_init-1         | 2026-09-29T11:55:41.101536834+01:00 mc: <ERROR> `config` is not a recognized command. Get help using `--help` flag. 
airflow-scheduler-1  | 2026-09-29T11:55:41.123419266+01:00 2026-09-29T10:55:41.058393Z [info     ] Received executor event with state queued for task instance TaskInstanceKey(dag_id='nyc_dag', task_id='download_citi_bike_data', run_id='scheduled__2026-09-29T10:15:00+00:00', try_number=1, map_index=-1) [airflow.jobs.scheduler_job_runner.SchedulerJobRunner] loc=scheduler_job_runner.py:818
minio_init-1         | 2026-09-29T11:55:41.135695084+01:00 MinIO not up and running yet...
airflow-triggerer-1  | 2026-09-29T11:55:41.599890759+01:00 2026-09-29T10:55:41.109516Z [info     ] Triggerer's async thread was blocked for 0.23 seconds, likely by a badly-written trigger. Set PYTHONASYNCIODEBUG=1 to get more information on overrunning coroutines. [airflow.jobs.triggerer_job_runner] loc=triggerer_job_runner.py:735
airflow-scheduler-1  | 2026-09-29T11:55:42.064474631+01:00 2026-09-29T10:55:42.061943Z [info     ] Setting external_executor_id for <TaskInstance: nyc_dag.download_citi_bike_data scheduled__2026-09-29T10:15:00+00:00 [queued]> to dd382c13-9eb2-42f9-8502-70d9a73867ff [airflow.jobs.scheduler_job_runner.SchedulerJobRunner] loc=scheduler_job_runner.py:854
airflow-scheduler-1  | 2026-09-29T11:55:42.077166849+01:00 2026-09-29T10:55:42.072115Z [info     ] Setting external_executor_id for <TaskInstance: nyc_dag.download_taxi_data scheduled__2026-09-29T10:00:00+00:00 [queued]> to b876b675-7860-4a38-95cb-08edc8d75659 [airflow.jobs.scheduler_job_runner.SchedulerJobRunner] loc=scheduler_job_runner.py:854
airflow-scheduler-1  | 2026-09-29T11:55:42.077220949+01:00 2026-09-29T10:55:42.073096Z [info     ] Setting external_executor_id for <TaskInstance: nyc_dag.download_citi_bike_data scheduled__2026-09-29T10:00:00+00:00 [queued]> to 6940de4d-6617-4f02-b4a7-7a1a42f8469e [airflow.jobs.scheduler_job_runner.SchedulerJobRunner] loc=scheduler_job_runner.py:854
minio_init-1         | 2026-09-29T11:55:42.990717031+01:00 mc: <ERROR> `config` is not a recognized command. Get help using `--help` flag. 
minio_init-1         | 2026-09-29T11:55:43.003416649+01:00 MinIO not up and running yet...
airflow-triggerer-1  | 2026-09-29T11:55:43.600229759+01:00 2026-09-29T10:55:42.427598Z [info     ] Triggerer's async thread was blocked for 0.36 seconds, likely by a badly-written trigger. Set PYTHONASYNCIODEBUG=1 to get more information on overrunning coroutines. [airflow.jobs.triggerer_job_runner] loc=triggerer_job_runner.py:735
airflow-triggerer-1  | 2026-09-29T11:55:43.666477749+01:00 2026-09-29T10:55:43.485443Z [info     ] Triggerer's async thread was blocked for 0.21 seconds, likely by a badly-written trigger. Set PYTHONASYNCIODEBUG=1 to get more information on overrunning coroutines. [airflow.jobs.triggerer_job_runner] loc=triggerer_job_runner.py:735
minio_init-1         | 2026-09-29T11:55:44.411047042+01:00 mc: <ERROR> `config` is not a recognized command. Get help using `--help` flag. 
minio_init-1         | 2026-09-29T11:55:44.445299687+01:00 MinIO not up and running yet...
minio_init-1         | 2026-09-29T11:55:45.845428553+01:00 mc: <ERROR> `config` is not a recognized command. Get help using `--help` flag. 
minio_init-1         | 2026-09-29T11:55:45.861640503+01:00 MinIO not up and running yet...
minio_init-1         | 2026-09-29T11:55:47.500713206+01:00 MinIO not up and running yet...
minio_init-1         | 2026-09-29T11:55:47.500810707+01:00 mc: <ERROR> `config` is not a recognized command. Get help using `--help` flag. 
airflow-scheduler-1  | 2026-09-29T11:55:47.874522137+01:00 127.0.0.1 - - [29/Sep/2026 10:55:47] "GET /health HTTP/1.1" 200 -
minio_init-1         | 2026-09-29T11:55:48.729095597+01:00 mc: <ERROR> `config` is not a recognized command. Get help using `--help` flag. 
minio_init-1         | 2026-09-29T11:55:48.743609040+01:00 MinIO not up and running yet...
airflow-triggerer-1  | 2026-09-29T11:55:48.762940798+01:00 2026-09-29T10:55:48.233433Z [info     ] Triggerer's async thread was blocked for 0.23 seconds, likely by a badly-written trigger. Set PYTHONASYNCIODEBUG=1 to get more information on overrunning coroutines. [airflow.jobs.triggerer_job_runner] loc=triggerer_job_runner.py:735
minio_init-1         | 2026-09-29T11:55:50.342875871+01:00 mc: <ERROR> `config` is not a recognized command. Get help using `--help` flag. 
minio_init-1         | 2026-09-29T11:55:50.404186651+01:00 MinIO not up and running yet...
airflow-triggerer-1  | 2026-09-29T11:55:51.116121633+01:00 2026-09-29T10:55:50.309874Z [info     ] Triggerer's async thread was blocked for 0.21 seconds, likely by a badly-written trigger. Set PYTHONASYNCIODEBUG=1 to get more information on overrunning coroutines. [airflow.jobs.triggerer_job_runner] loc=triggerer_job_runner.py:735
minio_init-1         | 2026-09-29T11:55:51.954026065+01:00 MinIO not up and running yet...
minio_init-1         | 2026-09-29T11:55:51.964551795+01:00 mc: <ERROR> `config` is not a recognized command. Get help using `--help` flag. 
airflow-triggerer-1  | 2026-09-29T11:55:52.734037648+01:00 2026-09-29T10:55:52.394108Z [info     ] Triggerer's async thread was blocked for 0.26 seconds, likely by a badly-written trigger. Set PYTHONASYNCIODEBUG=1 to get more information on overrunning coroutines. [airflow.jobs.triggerer_job_runner] loc=triggerer_job_runner.py:735
minio_init-1         | 2026-09-29T11:55:53.648832445+01:00 mc: <ERROR> `config` is not a recognized command. Get help using `--help` flag. 
minio_init-1         | 2026-09-29T11:55:53.679960076+01:00 MinIO not up and running yet...
minio_init-1         | 2026-09-29T11:55:54.872845258+01:00 mc: <ERROR> `config` is not a recognized command. Get help using `--help` flag. 
minio_init-1         | 2026-09-29T11:55:54.937801448+01:00 MinIO not up and running yet...
airflow-triggerer-1  | 2026-09-29T11:55:55.738078072+01:00 2026-09-29T10:55:52.917033Z [info     ] Triggerer's async thread was blocked for 0.23 seconds, likely by a badly-written trigger. Set PYTHONASYNCIODEBUG=1 to get more information on overrunning coroutines. [airflow.jobs.triggerer_job_runner] loc=triggerer_job_runner.py:735
airflow-triggerer-1  | 2026-09-29T11:55:55.740390869+01:00 2026-09-29T10:55:54.505260Z [info     ] Triggerer's async thread was blocked for 0.30 seconds, likely by a badly-written trigger. Set PYTHONASYNCIODEBUG=1 to get more information on overrunning coroutines. [airflow.jobs.triggerer_job_runner] loc=triggerer_job_runner.py:735
airflow-triggerer-1  | 2026-09-29T11:55:55.844327046+01:00 2026-09-29T10:55:55.004101Z [info     ] Triggerer's async thread was blocked for 0.25 seconds, likely by a badly-written trigger. Set PYTHONASYNCIODEBUG=1 to get more information on overrunning coroutines. [airflow.jobs.triggerer_job_runner] loc=triggerer_job_runner.py:735
airflow-triggerer-1  | 2026-09-29T11:55:55.866034120+01:00 2026-09-29T10:55:55.504950Z [info     ] Triggerer's async thread was blocked for 0.31 seconds, likely by a badly-written trigger. Set PYTHONASYNCIODEBUG=1 to get more information on overrunning coroutines. [airflow.jobs.triggerer_job_runner] loc=triggerer_job_runner.py:735
minio_init-1         | 2026-09-29T11:55:56.307293992+01:00 mc: <ERROR> `config` is not a recognized command. Get help using `--help` flag. 
minio_init-1         | 2026-09-29T11:55:56.308436591+01:00 MinIO not up and running yet...
airflow-triggerer-1  | 2026-09-29T11:55:57.790092892+01:00 2026-09-29T10:55:55.850890Z [info     ] Triggerer's async thread was blocked for 0.22 seconds, likely by a badly-written trigger. Set PYTHONASYNCIODEBUG=1 to get more information on overrunning coroutines. [airflow.jobs.triggerer_job_runner] loc=triggerer_job_runner.py:735
minio_init-1         | 2026-09-29T11:55:57.899656958+01:00 mc: <ERROR> `config` is not a recognized command. Get help using `--help` flag. 
minio_init-1         | 2026-09-29T11:55:57.925302527+01:00 MinIO not up and running yet...
airflow-triggerer-1  | 2026-09-29T11:55:57.986352052+01:00 2026-09-29T10:55:56.065462Z [info     ] Triggerer's async thread was blocked for 0.21 seconds, likely by a badly-written trigger. Set PYTHONASYNCIODEBUG=1 to get more information on overrunning coroutines. [airflow.jobs.triggerer_job_runner] loc=triggerer_job_runner.py:735
airflow-triggerer-1  | 2026-09-29T11:55:57.986399152+01:00 2026-09-29T10:55:57.585104Z [info     ] Triggerer's async thread was blocked for 0.25 seconds, likely by a badly-written trigger. Set PYTHONASYNCIODEBUG=1 to get more information on overrunning coroutines. [airflow.jobs.triggerer_job_runner] loc=triggerer_job_runner.py:735
minio_init-1         | 2026-09-29T11:55:59.611909427+01:00 mc: <ERROR> `config` is not a recognized command. Get help using `--help` flag. 
minio_init-1         | 2026-09-29T11:55:59.733177374+01:00 MinIO not up and running yet...
airflow-apiserver-1  | 2026-09-29T11:56:00.226651051+01:00 INFO:     127.0.0.1:42982 - "GET /api/v2/version HTTP/1.1" 200 OK
airflow-triggerer-1  | 2026-09-29T11:56:00.725502816+01:00 2026-09-29T10:56:00.151488Z [info     ] Triggerer's async thread was blocked for 0.43 seconds, likely by a badly-written trigger. Set PYTHONASYNCIODEBUG=1 to get more information on overrunning coroutines. [airflow.jobs.triggerer_job_runner] loc=triggerer_job_runner.py:735
minio_init-1         | 2026-09-29T11:56:01.102609635+01:00 mc: <ERROR> `config` is not a recognized command. Get help using `--help` flag. 
minio_init-1         | 2026-09-29T11:56:01.261077331+01:00 MinIO not up and running yet...
minio_init-1         | 2026-09-29T11:56:02.883282382+01:00 mc: <ERROR> `config` is not a recognized command. Get help using `--help` flag. 
minio_init-1         | 2026-09-29T11:56:02.884714081+01:00 MinIO not up and running yet...
airflow-triggerer-1  | 2026-09-29T11:56:03.309928531+01:00 2026-09-29T10:56:01.554812Z [info     ] 0 triggers currently running   [airflow.jobs.triggerer_job_runner] loc=triggerer_job_runner.py:735
airflow-triggerer-1  | 2026-09-29T11:56:03.312382729+01:00 2026-09-29T10:56:01.563066Z [info     ] 0 watchers currently running   [airflow.jobs.triggerer_job_runner] loc=triggerer_job_runner.py:735
minio_init-1         | 2026-09-29T11:56:04.324123690+01:00 MinIO not up and running yet...
minio_init-1         | 2026-09-29T11:56:04.330842085+01:00 mc: <ERROR> `config` is not a recognized command. Get help using `--help` flag. 
minio_init-1         | 2026-09-29T11:56:05.632866687+01:00 mc: <ERROR> `config` is not a recognized command. Get help using `--help` flag. 
minio_init-1         | 2026-09-29T11:56:05.661067263+01:00 MinIO not up and running yet...
airflow-triggerer-1  | 2026-09-29T11:56:05.939229027+01:00 2026-09-29T10:56:03.609067Z [info     ] Triggerer's async thread was blocked for 0.30 seconds, likely by a badly-written trigger. Set PYTHONASYNCIODEBUG=1 to get more information on overrunning coroutines. [airflow.jobs.triggerer_job_runner] loc=triggerer_job_runner.py:735
airflow-triggerer-1  | 2026-09-29T11:56:05.940792826+01:00 2026-09-29T10:56:04.457463Z [info     ] Triggerer's async thread was blocked for 0.22 seconds, likely by a badly-written trigger. Set PYTHONASYNCIODEBUG=1 to get more information on overrunning coroutines. [airflow.jobs.triggerer_job_runner] loc=triggerer_job_runner.py:735
airflow-triggerer-1  | 2026-09-29T11:56:06.037294743+01:00 2026-09-29T10:56:04.737343Z [info     ] Triggerer's async thread was blocked for 0.28 seconds, likely by a badly-written trigger. Set PYTHONASYNCIODEBUG=1 to get more information on overrunning coroutines. [airflow.jobs.triggerer_job_runner] loc=triggerer_job_runner.py:735
airflow-triggerer-1  | 2026-09-29T11:56:07.000519716+01:00 2026-09-29T10:56:06.985683Z [info     ] Triggerer's async thread was blocked for 0.25 seconds, likely by a badly-written trigger. Set PYTHONASYNCIODEBUG=1 to get more information on overrunning coroutines. [airflow.jobs.triggerer_job_runner] loc=triggerer_job_runner.py:735
minio_init-1         | 2026-09-29T11:56:07.275666576+01:00 mc: <ERROR> `config` is not a recognized command. Get help using `--help` flag. 
minio_init-1         | 2026-09-29T11:56:07.298383157+01:00 MinIO not up and running yet...
minio_init-1         | 2026-09-29T11:56:08.768611772+01:00 mc: <ERROR> `config` is not a recognized command. Get help using `--help` flag. 
minio_init-1         | 2026-09-29T11:56:08.811360934+01:00 MinIO not up and running yet...
airflow-triggerer-1  | 2026-09-29T11:56:08.880433973+01:00 2026-09-29T10:56:07.403481Z [info     ] Triggerer's async thread was blocked for 0.34 seconds, likely by a badly-written trigger. Set PYTHONASYNCIODEBUG=1 to get more information on overrunning coroutines. [airflow.jobs.triggerer_job_runner] loc=triggerer_job_runner.py:735
airflow-triggerer-1  | 2026-09-29T11:56:08.882240872+01:00 2026-09-29T10:56:08.711599Z [info     ] Triggerer's async thread was blocked for 0.21 seconds, likely by a badly-written trigger. Set PYTHONASYNCIODEBUG=1 to get more information on overrunning coroutines. [airflow.jobs.triggerer_job_runner] loc=triggerer_job_runner.py:735
minio_init-1         | 2026-09-29T11:56:10.294654573+01:00 mc: <ERROR> `config` is not a recognized command. Get help using `--help` flag. 
minio_init-1         | 2026-09-29T11:56:10.308932925+01:00 MinIO not up and running yet...
minio_init-1         | 2026-09-29T11:56:12.069008053+01:00 mc: <ERROR> `config` is not a recognized command. Get help using `--help` flag. 
minio_init-1         | 2026-09-29T11:56:12.093473243+01:00 MinIO not up and running yet...
minio_init-1         | 2026-09-29T11:56:13.501870253+01:00 mc: <ERROR> `config` is not a recognized command. Get help using `--help` flag. 
minio_init-1         | 2026-09-29T11:56:13.547031409+01:00 MinIO not up and running yet...
airflow-triggerer-1  | 2026-09-29T11:56:14.394943279+01:00 2026-09-29T10:56:13.987055Z [info     ] Triggerer's async thread was blocked for 0.32 seconds, likely by a badly-written trigger. Set PYTHONASYNCIODEBUG=1 to get more information on overrunning coroutines. [airflow.jobs.triggerer_job_runner] loc=triggerer_job_runner.py:735
minio_init-1         | 2026-09-29T11:56:15.170835916+01:00 MinIO not up and running yet...
minio_init-1         | 2026-09-29T11:56:15.172872114+01:00 mc: <ERROR> `config` is not a recognized command. Get help using `--help` flag. 
airflow-triggerer-1  | 2026-09-29T11:56:16.604153097+01:00 2026-09-29T10:56:15.364922Z [info     ] Triggerer's async thread was blocked for 0.29 seconds, likely by a badly-written trigger. Set PYTHONASYNCIODEBUG=1 to get more information on overrunning coroutines. [airflow.jobs.triggerer_job_runner] loc=triggerer_job_runner.py:735
minio_init-1         | 2026-09-29T11:56:17.052607851+01:00 mc: <ERROR> `config` is not a recognized command. Get help using `--help` flag. 
minio_init-1         | 2026-09-29T11:56:17.097299106+01:00 MinIO not up and running yet...
minio_init-1         | 2026-09-29T11:56:19.165083779+01:00 mc: <ERROR> `config` is not a recognized command. Get help using `--help` flag. 
minio_init-1         | 2026-09-29T11:56:19.242549938+01:00 MinIO not up and running yet...
airflow-scheduler-1  | 2026-09-29T11:56:19.647178766+01:00 127.0.0.1 - - [29/Sep/2026 10:56:19] "GET /health HTTP/1.1" 200 -
airflow-triggerer-1  | 2026-09-29T11:56:19.931199047+01:00 2026-09-29T10:56:17.589335Z [info     ] Triggerer's async thread was blocked for 0.50 seconds, likely by a badly-written trigger. Set PYTHONASYNCIODEBUG=1 to get more information on overrunning coroutines. [airflow.jobs.triggerer_job_runner] loc=triggerer_job_runner.py:735
airflow-triggerer-1  | 2026-09-29T11:56:19.931237947+01:00 2026-09-29T10:56:18.459650Z [info     ] Triggerer's async thread was blocked for 0.27 seconds, likely by a badly-written trigger. Set PYTHONASYNCIODEBUG=1 to get more information on overrunning coroutines. [airflow.jobs.triggerer_job_runner] loc=triggerer_job_runner.py:735
airflow-triggerer-1  | 2026-09-29T11:56:19.931243147+01:00 2026-09-29T10:56:19.597051Z [info     ] Triggerer's async thread was blocked for 0.31 seconds, likely by a badly-written trigger. Set PYTHONASYNCIODEBUG=1 to get more information on overrunning coroutines. [airflow.jobs.triggerer_job_runner] loc=triggerer_job_runner.py:735
minio_init-1         | 2026-09-29T11:56:20.573451559+01:00 mc: <ERROR> `config` is not a recognized command. Get help using `--help` flag. 
minio_init-1         | 2026-09-29T11:56:20.592364498+01:00 MinIO not up and running yet...
minio_init-1         | 2026-09-29T11:56:22.167392506+01:00 mc: <ERROR> `config` is not a recognized command. Get help using `--help` flag. 
minio_init-1         | 2026-09-29T11:56:22.172533903+01:00 MinIO not up and running yet...
minio_init-1         | 2026-09-29T11:56:23.637864424+01:00 mc: <ERROR> `config` is not a recognized command. Get help using `--help` flag. 
minio_init-1         | 2026-09-29T11:56:23.685106396+01:00 MinIO not up and running yet...
airflow-triggerer-1  | 2026-09-29T11:56:24.244035459+01:00 2026-09-29T10:56:23.802070Z [info     ] Triggerer's async thread was blocked for 0.25 seconds, likely by a badly-written trigger. Set PYTHONASYNCIODEBUG=1 to get more information on overrunning coroutines. [airflow.jobs.triggerer_job_runner] loc=triggerer_job_runner.py:735
minio_init-1         | 2026-09-29T11:56:25.005040598+01:00 mc: <ERROR> `config` is not a recognized command. Get help using `--help` flag. 
minio_init-1         | 2026-09-29T11:56:25.017566791+01:00 MinIO not up and running yet...
airflow-triggerer-1  | 2026-09-29T11:56:26.495039563+01:00 2026-09-29T10:56:26.048147Z [info     ] Triggerer's async thread was blocked for 0.20 seconds, likely by a badly-written trigger. Set PYTHONASYNCIODEBUG=1 to get more information on overrunning coroutines. [airflow.jobs.triggerer_job_runner] loc=triggerer_job_runner.py:735
minio_init-1         | 2026-09-29T11:56:27.058764863+01:00 mc: <ERROR> `config` is not a recognized command. Get help using `--help` flag. 
minio_init-1         | 2026-09-29T11:56:27.074298599+01:00 MinIO not up and running yet...
airflow-triggerer-1  | 2026-09-29T11:56:28.155261834+01:00 2026-09-29T10:56:26.805626Z [info     ] Triggerer's async thread was blocked for 0.34 seconds, likely by a badly-written trigger. Set PYTHONASYNCIODEBUG=1 to get more information on overrunning coroutines. [airflow.jobs.triggerer_job_runner] loc=triggerer_job_runner.py:735
minio_init-1         | 2026-09-29T11:56:28.580597122+01:00 mc: <ERROR> `config` is not a recognized command. Get help using `--help` flag. 
minio_init-1         | 2026-09-29T11:56:28.696506758+01:00 MinIO not up and running yet...
airflow-init-1       | 2026-09-29T11:56:30.145576918+01:00 /home/airflow/.local/lib/python3.12/site-packages/airflow/providers/fab/auth_manager/fab_auth_manager.py:108 RemovedInAirflow4Warning: The airflow.security.permissions module is deprecated; please see https://airflow.apache.org/docs/apache-airflow/stable/security/deprecated_permissions.html
minio_init-1         | 2026-09-29T11:56:30.568108178+01:00 mc: <ERROR> `config` is not a recognized command. Get help using `--help` flag. 
minio_init-1         | 2026-09-29T11:56:30.622348029+01:00 MinIO not up and running yet...
airflow-triggerer-1  | 2026-09-29T11:56:30.881062181+01:00 2026-09-29T10:56:30.189523Z [info     ] Triggerer's async thread was blocked for 0.20 seconds, likely by a badly-written trigger. Set PYTHONASYNCIODEBUG=1 to get more information on overrunning coroutines. [airflow.jobs.triggerer_job_runner] loc=triggerer_job_runner.py:735
airflow-apiserver-1  | 2026-09-29T11:56:31.139946072+01:00 INFO:     127.0.0.1:41644 - "GET /api/v2/version HTTP/1.1" 200 OK
minio_init-1         | 2026-09-29T11:56:31.993464705+01:00 mc: <ERROR> `config` is not a recognized command. Get help using `--help` flag. 
minio_init-1         | 2026-09-29T11:56:32.071854143+01:00 MinIO not up and running yet...
minio_init-1         | 2026-09-29T11:56:33.457856784+01:00 mc: <ERROR> `config` is not a recognized command. Get help using `--help` flag. 
minio_init-1         | 2026-09-29T11:56:33.503428461+01:00 MinIO not up and running yet...
airflow-triggerer-1  | 2026-09-29T11:56:34.573953891+01:00 2026-09-29T10:56:33.645032Z [info     ] Triggerer's async thread was blocked for 0.20 seconds, likely by a badly-written trigger. Set PYTHONASYNCIODEBUG=1 to get more information on overrunning coroutines. [airflow.jobs.triggerer_job_runner] loc=triggerer_job_runner.py:735
airflow-triggerer-1  | 2026-09-29T11:56:34.616863108+01:00 2026-09-29T10:56:33.893312Z [info     ] Triggerer's async thread was blocked for 0.23 seconds, likely by a badly-written trigger. Set PYTHONASYNCIODEBUG=1 to get more information on overrunning coroutines. [airflow.jobs.triggerer_job_runner] loc=triggerer_job_runner.py:735
minio_init-1         | 2026-09-29T11:56:34.825213396+01:00 mc: <ERROR> `config` is not a recognized command. Get help using `--help` flag. 
minio_init-1         | 2026-09-29T11:56:34.832167459+01:00 MinIO not up and running yet...
airflow-init-1       | 2026-09-29T11:56:35.632177423+01:00 2026-09-29T10:56:35.618944Z [info     ] Context impl PostgresqlImpl.   [alembic.runtime.migration] loc=migration.py:211
airflow-init-1       | 2026-09-29T11:56:35.639724856+01:00 2026-09-29T10:56:35.636685Z [info     ] Will assume transactional DDL. [alembic.runtime.migration] loc=migration.py:214
airflow-init-1       | 2026-09-29T11:56:36.248725899+01:00 2026-09-29T10:56:36.245731Z [info     ] Migrating the Airflow database [airflow.utils.db] loc=db.py:1129
minio_init-1         | 2026-09-29T11:56:36.900941433+01:00 mc: <ERROR> `config` is not a recognized command. Get help using `--help` flag. 
minio_init-1         | 2026-09-29T11:56:36.987130535+01:00 MinIO not up and running yet...
airflow-init-1       | 2026-09-29T11:56:37.300379370+01:00 2026-09-29T10:56:37.206367Z [info     ] Context impl PostgresqlImpl.   [alembic.runtime.migration] loc=migration.py:211
airflow-init-1       | 2026-09-29T11:56:37.300434327+01:00 2026-09-29T10:56:37.215297Z [info     ] Will assume transactional DDL. [alembic.runtime.migration] loc=migration.py:214
minio_init-1         | 2026-09-29T11:56:38.483399561+01:00 mc: <ERROR> `config` is not a recognized command. Get help using `--help` flag. 
minio_init-1         | 2026-09-29T11:56:38.531501090+01:00 MinIO not up and running yet...
airflow-triggerer-1  | 2026-09-29T11:56:38.618476691+01:00 2026-09-29T10:56:35.002840Z [info     ] Triggerer's async thread was blocked for 0.20 seconds, likely by a badly-written trigger. Set PYTHONASYNCIODEBUG=1 to get more information on overrunning coroutines. [airflow.jobs.triggerer_job_runner] loc=triggerer_job_runner.py:735
airflow-triggerer-1  | 2026-09-29T11:56:38.618819136+01:00 2026-09-29T10:56:36.219031Z [info     ] Triggerer's async thread was blocked for 0.27 seconds, likely by a badly-written trigger. Set PYTHONASYNCIODEBUG=1 to get more information on overrunning coroutines. [airflow.jobs.triggerer_job_runner] loc=triggerer_job_runner.py:735
airflow-triggerer-1  | 2026-09-29T11:56:38.733252744+01:00 2026-09-29T10:56:36.924885Z [info     ] Triggerer's async thread was blocked for 0.22 seconds, likely by a badly-written trigger. Set PYTHONASYNCIODEBUG=1 to get more information on overrunning coroutines. [airflow.jobs.triggerer_job_runner] loc=triggerer_job_runner.py:735
airflow-triggerer-1  | 2026-09-29T11:56:38.735308104+01:00 2026-09-29T10:56:38.128341Z [info     ] Triggerer's async thread was blocked for 0.41 seconds, likely by a badly-written trigger. Set PYTHONASYNCIODEBUG=1 to get more information on overrunning coroutines. [airflow.jobs.triggerer_job_runner] loc=triggerer_job_runner.py:735
airflow-init-1       | 2026-09-29T11:56:39.156628784+01:00 2026-09-29T10:56:39.155258Z [info     ] Context impl PostgresqlImpl.   [alembic.runtime.migration] loc=migration.py:211
airflow-init-1       | 2026-09-29T11:56:39.188481000+01:00 2026-09-29T10:56:39.157371Z [info     ] Will assume transactional DDL. [alembic.runtime.migration] loc=migration.py:214
airflow-init-1       | 2026-09-29T11:56:39.790767928+01:00 2026-09-29T10:56:39.769392Z [info     ] Context impl PostgresqlImpl.   [alembic.runtime.migration] loc=migration.py:211
airflow-init-1       | 2026-09-29T11:56:39.790832938+01:00 2026-09-29T10:56:39.771417Z [info     ] Will assume transactional DDL. [alembic.runtime.migration] loc=migration.py:214
minio_init-1         | 2026-09-29T11:56:39.985101732+01:00 mc: <ERROR> `config` is not a recognized command. Get help using `--help` flag. 
minio_init-1         | 2026-09-29T11:56:40.023172465+01:00 MinIO not up and running yet...
minio_init-1         | 2026-09-29T11:56:41.598596294+01:00 MinIO not up and running yet...
minio_init-1         | 2026-09-29T11:56:41.600862828+01:00 mc: <ERROR> `config` is not a recognized command. Get help using `--help` flag. 
minio_init-1         | 2026-09-29T11:56:43.157984493+01:00 mc: <ERROR> `config` is not a recognized command. Get help using `--help` flag. 
minio_init-1         | 2026-09-29T11:56:43.206288077+01:00 MinIO not up and running yet...
airflow-init-1       | 2026-09-29T11:56:43.722423861+01:00 DB: postgresql+psycopg2://airflow:***@postgres/airflow
airflow-init-1       | 2026-09-29T11:56:43.723470534+01:00 Performing upgrade to the metadata database postgresql+psycopg2://airflow:***@postgres/airflow
airflow-init-1       | 2026-09-29T11:56:43.725767039+01:00 Database migrating done!
airflow-triggerer-1  | 2026-09-29T11:56:44.647107148+01:00 2026-09-29T10:56:42.621472Z [info     ] Triggerer's async thread was blocked for 0.26 seconds, likely by a badly-written trigger. Set PYTHONASYNCIODEBUG=1 to get more information on overrunning coroutines. [airflow.jobs.triggerer_job_runner] loc=triggerer_job_runner.py:735
minio_init-1         | 2026-09-29T11:56:44.716800939+01:00 mc: <ERROR> `config` is not a recognized command. Get help using `--help` flag. 
airflow-triggerer-1  | 2026-09-29T11:56:44.730755460+01:00 2026-09-29T10:56:43.120469Z [info     ] Triggerer's async thread was blocked for 0.21 seconds, likely by a badly-written trigger. Set PYTHONASYNCIODEBUG=1 to get more information on overrunning coroutines. [airflow.jobs.triggerer_job_runner] loc=triggerer_job_runner.py:735
minio_init-1         | 2026-09-29T11:56:44.844125324+01:00 MinIO not up and running yet...
postgres-1           | 2026-09-29T11:56:45.541034403+01:00 2026-09-29 10:56:45.487 UTC [27] LOG:  checkpoint starting: time
minio_init-1         | 2026-09-29T11:56:46.289015537+01:00 mc: <ERROR> `config` is not a recognized command. Get help using `--help` flag. 
minio_init-1         | 2026-09-29T11:56:46.349747353+01:00 MinIO not up and running yet...
airflow-triggerer-1  | 2026-09-29T11:56:46.570451874+01:00 2026-09-29T10:56:45.596301Z [info     ] Triggerer's async thread was blocked for 0.21 seconds, likely by a badly-written trigger. Set PYTHONASYNCIODEBUG=1 to get more information on overrunning coroutines. [airflow.jobs.triggerer_job_runner] loc=triggerer_job_runner.py:735
minio_init-1         | 2026-09-29T11:56:48.023501254+01:00 mc: <ERROR> `config` is not a recognized command. Get help using `--help` flag. 
minio_init-1         | 2026-09-29T11:56:48.058152347+01:00 MinIO not up and running yet...
minio_init-1         | 2026-09-29T11:56:49.873359635+01:00 mc: <ERROR> `config` is not a recognized command. Get help using `--help` flag. 
minio_init-1         | 2026-09-29T11:56:49.971586121+01:00 MinIO not up and running yet...
airflow-triggerer-1  | 2026-09-29T11:56:50.355263027+01:00 2026-09-29T10:56:46.592974Z [info     ] Triggerer's async thread was blocked for 0.21 seconds, likely by a badly-written trigger. Set PYTHONASYNCIODEBUG=1 to get more information on overrunning coroutines. [airflow.jobs.triggerer_job_runner] loc=triggerer_job_runner.py:735
airflow-triggerer-1  | 2026-09-29T11:56:50.548160859+01:00 2026-09-29T10:56:47.625449Z [info     ] Triggerer's async thread was blocked for 0.31 seconds, likely by a badly-written trigger. Set PYTHONASYNCIODEBUG=1 to get more information on overrunning coroutines. [airflow.jobs.triggerer_job_runner] loc=triggerer_job_runner.py:735
airflow-triggerer-1  | 2026-09-29T11:56:50.548696236+01:00 2026-09-29T10:56:47.893242Z [info     ] Triggerer's async thread was blocked for 0.21 seconds, likely by a badly-written trigger. Set PYTHONASYNCIODEBUG=1 to get more information on overrunning coroutines. [airflow.jobs.triggerer_job_runner] loc=triggerer_job_runner.py:735
airflow-triggerer-1  | 2026-09-29T11:56:50.553042924+01:00 2026-09-29T10:56:48.272335Z [info     ] Triggerer's async thread was blocked for 0.25 seconds, likely by a badly-written trigger. Set PYTHONASYNCIODEBUG=1 to get more information on overrunning coroutines. [airflow.jobs.triggerer_job_runner] loc=triggerer_job_runner.py:735
airflow-triggerer-1  | 2026-09-29T11:56:50.553175366+01:00 2026-09-29T10:56:49.643062Z [info     ] Triggerer's async thread was blocked for 0.59 seconds, likely by a badly-written trigger. Set PYTHONASYNCIODEBUG=1 to get more information on overrunning coroutines. [airflow.jobs.triggerer_job_runner] loc=triggerer_job_runner.py:735
airflow-triggerer-1  | 2026-09-29T11:56:50.553835779+01:00 2026-09-29T10:56:50.085773Z [info     ] Triggerer's async thread was blocked for 0.31 seconds, likely by a badly-written trigger. Set PYTHONASYNCIODEBUG=1 to get more information on overrunning coroutines. [airflow.jobs.triggerer_job_runner] loc=triggerer_job_runner.py:735
airflow-scheduler-1  | 2026-09-29T11:56:50.782504588+01:00 127.0.0.1 - - [29/Sep/2026 10:56:50] "GET /health HTTP/1.1" 200 -
minio_init-1         | 2026-09-29T11:56:51.504234037+01:00 mc: <ERROR> `config` is not a recognized command. Get help using `--help` flag. 
minio_init-1         | 2026-09-29T11:56:51.505038177+01:00 MinIO not up and running yet...
postgres-1           | 2026-09-29T11:56:51.981373604+01:00 2026-09-29 10:56:51.974 UTC [27] LOG:  checkpoint complete: wrote 46 buffers (0.3%); 0 WAL file(s) added, 0 removed, 0 recycled; write=6.133 s, sync=0.196 s, total=6.499 s; sync files=33, longest=0.029 s, average=0.006 s; distance=240 kB, estimate=240 kB; lsn=0/1CC7138, redo lsn=0/1CC3168
minio_init-1         | 2026-09-29T11:56:53.250862008+01:00 mc: <ERROR> `config` is not a recognized command. Get help using `--help` flag. 
minio_init-1         | 2026-09-29T11:56:53.329788023+01:00 MinIO not up and running yet...
minio_init-1         | 2026-09-29T11:56:54.569471726+01:00 MinIO not up and running yet...
minio_init-1         | 2026-09-29T11:56:54.571081307+01:00 mc: <ERROR> `config` is not a recognized command. Get help using `--help` flag. 
minio_init-1         | 2026-09-29T11:56:55.738932988+01:00 mc: <ERROR> `config` is not a recognized command. Get help using `--help` flag. 
minio_init-1         | 2026-09-29T11:56:55.773198234+01:00 MinIO not up and running yet...
airflow-triggerer-1  | 2026-09-29T11:56:56.532251508+01:00 2026-09-29T10:56:55.399005Z [info     ] Triggerer's async thread was blocked for 0.24 seconds, likely by a badly-written trigger. Set PYTHONASYNCIODEBUG=1 to get more information on overrunning coroutines. [airflow.jobs.triggerer_job_runner] loc=triggerer_job_runner.py:735
minio_init-1         | 2026-09-29T11:56:57.115692385+01:00 mc: <ERROR> `config` is not a recognized command. Get help using `--help` flag. 
minio_init-1         | 2026-09-29T11:56:57.161668056+01:00 MinIO not up and running yet...
airflow-triggerer-1  | 2026-09-29T11:56:58.286624817+01:00 2026-09-29T10:56:57.552989Z [info     ] Triggerer's async thread was blocked for 0.22 seconds, likely by a badly-written trigger. Set PYTHONASYNCIODEBUG=1 to get more information on overrunning coroutines. [airflow.jobs.triggerer_job_runner] loc=triggerer_job_runner.py:735
minio_init-1         | 2026-09-29T11:56:58.571971822+01:00 mc: <ERROR> `config` is not a recognized command. Get help using `--help` flag. 
minio_init-1         | 2026-09-29T11:56:58.587222301+01:00 MinIO not up and running yet...
minio_init-1         | 2026-09-29T11:57:00.669112471+01:00 MinIO not up and running yet...
minio_init-1         | 2026-09-29T11:57:00.695219402+01:00 mc: <ERROR> `config` is not a recognized command. Get help using `--help` flag. 
airflow-triggerer-1  | 2026-09-29T11:57:01.367186373+01:00 2026-09-29T10:56:59.533091Z [info     ] Triggerer's async thread was blocked for 0.23 seconds, likely by a badly-written trigger. Set PYTHONASYNCIODEBUG=1 to get more information on overrunning coroutines. [airflow.jobs.triggerer_job_runner] loc=triggerer_job_runner.py:735
airflow-triggerer-1  | 2026-09-29T11:57:01.367236056+01:00 2026-09-29T10:57:00.566999Z [info     ] Triggerer's async thread was blocked for 0.35 seconds, likely by a badly-written trigger. Set PYTHONASYNCIODEBUG=1 to get more information on overrunning coroutines. [airflow.jobs.triggerer_job_runner] loc=triggerer_job_runner.py:735
minio_init-1         | 2026-09-29T11:57:01.886094797+01:00 mc: <ERROR> `config` is not a recognized command. Get help using `--help` flag. 
minio_init-1         | 2026-09-29T11:57:01.901821561+01:00 MinIO not up and running yet...
airflow-apiserver-1  | 2026-09-29T11:57:02.296989167+01:00 INFO:     127.0.0.1:58252 - "GET /api/v2/version HTTP/1.1" 200 OK
minio_init-1         | 2026-09-29T11:57:03.456435464+01:00 mc: <ERROR> `config` is not a recognized command. Get help using `--help` flag. 
minio_init-1         | 2026-09-29T11:57:03.561439308+01:00 MinIO not up and running yet...
airflow-triggerer-1  | 2026-09-29T11:57:03.773185682+01:00 2026-09-29T10:57:02.293666Z [info     ] 0 triggers currently running   [airflow.jobs.triggerer_job_runner] loc=triggerer_job_runner.py:735
airflow-triggerer-1  | 2026-09-29T11:57:03.846935276+01:00 2026-09-29T10:57:02.295349Z [info     ] 0 watchers currently running   [airflow.jobs.triggerer_job_runner] loc=triggerer_job_runner.py:735
airflow-triggerer-1  | 2026-09-29T11:57:03.852703411+01:00 2026-09-29T10:57:03.041204Z [info     ] Triggerer's async thread was blocked for 0.36 seconds, likely by a badly-written trigger. Set PYTHONASYNCIODEBUG=1 to get more information on overrunning coroutines. [airflow.jobs.triggerer_job_runner] loc=triggerer_job_runner.py:735
airflow-triggerer-1  | 2026-09-29T11:57:04.057642837+01:00 2026-09-29T10:57:03.288943Z [info     ] Triggerer's async thread was blocked for 0.23 seconds, likely by a badly-written trigger. Set PYTHONASYNCIODEBUG=1 to get more information on overrunning coroutines. [airflow.jobs.triggerer_job_runner] loc=triggerer_job_runner.py:735
airflow-scheduler-1  | 2026-09-29T11:57:04.271561985+01:00 2026-09-29T10:57:04.261683Z [info     ] Task stuck in queued; will try to requeue. task_instance=<TaskInstance: nyc_dag.download_citi_bike_data scheduled__2026-09-29T10:30:00+00:00 [queued]> [airflow.jobs.scheduler_job_runner.SchedulerJobRunner] loc=scheduler_job_runner.py:2102
airflow-scheduler-1  | 2026-09-29T11:57:04.360905006+01:00 2026-09-29T10:57:04.357119Z [info     ] Task stuck in queued; will try to requeue. task_instance=<TaskInstance: nyc_dag.download_taxi_data scheduled__2026-09-29T10:30:00+00:00 [queued]> [airflow.jobs.scheduler_job_runner.SchedulerJobRunner] loc=scheduler_job_runner.py:2102
minio_init-1         | 2026-09-29T11:57:04.744315318+01:00 mc: <ERROR> `config` is not a recognized command. Get help using `--help` flag. 
minio_init-1         | 2026-09-29T11:57:04.803223129+01:00 MinIO not up and running yet...
airflow-triggerer-1  | 2026-09-29T11:57:06.465644983+01:00 2026-09-29T10:57:05.101009Z [info     ] Triggerer's async thread was blocked for 0.29 seconds, likely by a badly-written trigger. Set PYTHONASYNCIODEBUG=1 to get more information on overrunning coroutines. [airflow.jobs.triggerer_job_runner] loc=triggerer_job_runner.py:735
minio_init-1         | 2026-09-29T11:57:06.569100717+01:00 mc: <ERROR> `config` is not a recognized command. Get help using `--help` flag. 
minio_init-1         | 2026-09-29T11:57:06.586197628+01:00 MinIO not up and running yet...
airflow-scheduler-1  | 2026-09-29T11:57:06.891779215+01:00 2026-09-29T10:57:06.890685Z [info     ] 2 tasks up for execution:
airflow-scheduler-1  | 2026-09-29T11:57:06.891958439+01:00 	<TaskInstance: nyc_dag.download_citi_bike_data scheduled__2026-09-29T10:30:00+00:00 [scheduled]>
airflow-scheduler-1  | 2026-09-29T11:57:06.891970444+01:00 	<TaskInstance: nyc_dag.download_taxi_data scheduled__2026-09-29T10:30:00+00:00 [scheduled]> [airflow.jobs.scheduler_job_runner.SchedulerJobRunner] loc=scheduler_job_runner.py:444
airflow-scheduler-1  | 2026-09-29T11:57:06.896887369+01:00 2026-09-29T10:57:06.891250Z [info     ] DAG nyc_dag has 0/16 running and queued tasks [airflow.jobs.scheduler_job_runner.SchedulerJobRunner] loc=scheduler_job_runner.py:516
airflow-scheduler-1  | 2026-09-29T11:57:06.898352853+01:00 2026-09-29T10:57:06.894568Z [info     ] DAG nyc_dag has 1/16 running and queued tasks [airflow.jobs.scheduler_job_runner.SchedulerJobRunner] loc=scheduler_job_runner.py:516
airflow-scheduler-1  | 2026-09-29T11:57:06.919402101+01:00 2026-09-29T10:57:06.917256Z [info     ] Setting the following tasks to queued state:
airflow-scheduler-1  | 2026-09-29T11:57:06.919799271+01:00 	<TaskInstance: nyc_dag.download_citi_bike_data scheduled__2026-09-29T10:30:00+00:00 [scheduled]>
airflow-scheduler-1  | 2026-09-29T11:57:06.920094120+01:00 	<TaskInstance: nyc_dag.download_taxi_data scheduled__2026-09-29T10:30:00+00:00 [scheduled]> [airflow.jobs.scheduler_job_runner.SchedulerJobRunner] loc=scheduler_job_runner.py:655
airflow-scheduler-1  | 2026-09-29T11:57:07.098100014+01:00 2026-09-29T10:57:07.058719Z [info     ] Trying to enqueue tasks: [<TaskInstance: nyc_dag.download_citi_bike_data scheduled__2026-09-29T10:30:00+00:00 [scheduled]>, <TaskInstance: nyc_dag.download_taxi_data scheduled__2026-09-29T10:30:00+00:00 [scheduled]>] for executor: CeleryExecutor(parallelism=32) [airflow.jobs.scheduler_job_runner.SchedulerJobRunner] loc=scheduler_job_runner.py:740
airflow-scheduler-1  | 2026-09-29T11:57:07.826508603+01:00 2026-09-29T10:57:07.818924Z [info     ] Received executor event with state queued for task instance TaskInstanceKey(dag_id='nyc_dag', task_id='download_citi_bike_data', run_id='scheduled__2026-09-29T10:30:00+00:00', try_number=1, map_index=-1) [airflow.jobs.scheduler_job_runner.SchedulerJobRunner] loc=scheduler_job_runner.py:818
airflow-scheduler-1  | 2026-09-29T11:57:07.829597922+01:00 2026-09-29T10:57:07.825438Z [info     ] Received executor event with state queued for task instance TaskInstanceKey(dag_id='nyc_dag', task_id='download_taxi_data', run_id='scheduled__2026-09-29T10:30:00+00:00', try_number=1, map_index=-1) [airflow.jobs.scheduler_job_runner.SchedulerJobRunner] loc=scheduler_job_runner.py:818
minio_init-1         | 2026-09-29T11:57:07.989839037+01:00 mc: <ERROR> `config` is not a recognized command. Get help using `--help` flag. 
minio_init-1         | 2026-09-29T11:57:07.996775591+01:00 MinIO not up and running yet...
airflow-scheduler-1  | 2026-09-29T11:57:08.175172835+01:00 2026-09-29T10:57:08.174439Z [info     ] Setting external_executor_id for <TaskInstance: nyc_dag.download_taxi_data scheduled__2026-09-29T10:30:00+00:00 [queued]> to 6c545837-9250-4c39-ab14-01956834e972 [airflow.jobs.scheduler_job_runner.SchedulerJobRunner] loc=scheduler_job_runner.py:854
airflow-scheduler-1  | 2026-09-29T11:57:08.179523296+01:00 2026-09-29T10:57:08.178185Z [info     ] Setting external_executor_id for <TaskInstance: nyc_dag.download_citi_bike_data scheduled__2026-09-29T10:30:00+00:00 [queued]> to e07812e8-b13e-4ee0-a0f0-80594b9a0610 [airflow.jobs.scheduler_job_runner.SchedulerJobRunner] loc=scheduler_job_runner.py:854
minio_init-1         | 2026-09-29T11:57:09.265530615+01:00 mc: <ERROR> `config` is not a recognized command. Get help using `--help` flag. 
minio_init-1         | 2026-09-29T11:57:09.330259260+01:00 MinIO not up and running yet...
airflow-triggerer-1  | 2026-09-29T11:57:09.412651430+01:00 2026-09-29T10:57:06.529345Z [info     ] Triggerer's async thread was blocked for 0.34 seconds, likely by a badly-written trigger. Set PYTHONASYNCIODEBUG=1 to get more information on overrunning coroutines. [airflow.jobs.triggerer_job_runner] loc=triggerer_job_runner.py:735
airflow-triggerer-1  | 2026-09-29T11:57:09.429070995+01:00 2026-09-29T10:57:06.780407Z [info     ] Triggerer's async thread was blocked for 0.21 seconds, likely by a badly-written trigger. Set PYTHONASYNCIODEBUG=1 to get more information on overrunning coroutines. [airflow.jobs.triggerer_job_runner] loc=triggerer_job_runner.py:735
airflow-triggerer-1  | 2026-09-29T11:57:09.429795822+01:00 2026-09-29T10:57:07.509449Z [info     ] Triggerer's async thread was blocked for 0.27 seconds, likely by a badly-written trigger. Set PYTHONASYNCIODEBUG=1 to get more information on overrunning coroutines. [airflow.jobs.triggerer_job_runner] loc=triggerer_job_runner.py:735
airflow-triggerer-1  | 2026-09-29T11:57:09.430520050+01:00 2026-09-29T10:57:08.750618Z [info     ] Triggerer's async thread was blocked for 0.47 seconds, likely by a badly-written trigger. Set PYTHONASYNCIODEBUG=1 to get more information on overrunning coroutines. [airflow.jobs.triggerer_job_runner] loc=triggerer_job_runner.py:735
minio_init-1         | 2026-09-29T11:57:10.759952978+01:00 mc: <ERROR> `config` is not a recognized command. Get help using `--help` flag. 
minio_init-1         | 2026-09-29T11:57:10.777809677+01:00 MinIO not up and running yet...
airflow-triggerer-1  | 2026-09-29T11:57:10.881832073+01:00 2026-09-29T10:57:09.676444Z [info     ] Triggerer's async thread was blocked for 0.51 seconds, likely by a badly-written trigger. Set PYTHONASYNCIODEBUG=1 to get more information on overrunning coroutines. [airflow.jobs.triggerer_job_runner] loc=triggerer_job_runner.py:735
airflow-triggerer-1  | 2026-09-29T11:57:10.883930262+01:00 2026-09-29T10:57:10.659318Z [info     ] Triggerer's async thread was blocked for 0.28 seconds, likely by a badly-written trigger. Set PYTHONASYNCIODEBUG=1 to get more information on overrunning coroutines. [airflow.jobs.triggerer_job_runner] loc=triggerer_job_runner.py:735
minio_init-1         | 2026-09-29T11:57:12.469594601+01:00 MinIO not up and running yet...
minio_init-1         | 2026-09-29T11:57:12.469634984+01:00 mc: <ERROR> `config` is not a recognized command. Get help using `--help` flag. 
airflow-triggerer-1  | 2026-09-29T11:57:13.212322843+01:00 2026-09-29T10:57:11.297030Z [info     ] Triggerer's async thread was blocked for 0.20 seconds, likely by a badly-written trigger. Set PYTHONASYNCIODEBUG=1 to get more information on overrunning coroutines. [airflow.jobs.triggerer_job_runner] loc=triggerer_job_runner.py:735
minio_init-1         | 2026-09-29T11:57:13.985862708+01:00 mc: <ERROR> `config` is not a recognized command. Get help using `--help` flag. 
minio_init-1         | 2026-09-29T11:57:13.990257564+01:00 MinIO not up and running yet...
airflow-triggerer-1  | 2026-09-29T11:57:14.988697792+01:00 2026-09-29T10:57:13.492284Z [info     ] Triggerer's async thread was blocked for 0.27 seconds, likely by a badly-written trigger. Set PYTHONASYNCIODEBUG=1 to get more information on overrunning coroutines. [airflow.jobs.triggerer_job_runner] loc=triggerer_job_runner.py:735
minio_init-1         | 2026-09-29T11:57:15.439347278+01:00 mc: <ERROR> `config` is not a recognized command. Get help using `--help` flag. 
minio_init-1         | 2026-09-29T11:57:15.497021592+01:00 MinIO not up and running yet...
minio_init-1         | 2026-09-29T11:57:17.065417661+01:00 mc: <ERROR> `config` is not a recognized command. Get help using `--help` flag. 
minio_init-1         | 2026-09-29T11:57:17.275529951+01:00 MinIO not up and running yet...
airflow-triggerer-1  | 2026-09-29T11:57:17.999082043+01:00 2026-09-29T10:57:15.421094Z [info     ] Triggerer's async thread was blocked for 0.20 seconds, likely by a badly-written trigger. Set PYTHONASYNCIODEBUG=1 to get more information on overrunning coroutines. [airflow.jobs.triggerer_job_runner] loc=triggerer_job_runner.py:735
airflow-triggerer-1  | 2026-09-29T11:57:17.999118531+01:00 2026-09-29T10:57:16.180892Z [info     ] Triggerer's async thread was blocked for 0.21 seconds, likely by a badly-written trigger. Set PYTHONASYNCIODEBUG=1 to get more information on overrunning coroutines. [airflow.jobs.triggerer_job_runner] loc=triggerer_job_runner.py:735
airflow-triggerer-1  | 2026-09-29T11:57:18.138693109+01:00 2026-09-29T10:57:17.322121Z [info     ] Triggerer's async thread was blocked for 0.30 seconds, likely by a badly-written trigger. Set PYTHONASYNCIODEBUG=1 to get more information on overrunning coroutines. [airflow.jobs.triggerer_job_runner] loc=triggerer_job_runner.py:735
minio_init-1         | 2026-09-29T11:57:18.808085920+01:00 mc: <ERROR> `config` is not a recognized command. Get help using `--help` flag. 
minio_init-1         | 2026-09-29T11:57:18.813951534+01:00 MinIO not up and running yet...
minio_init-1         | 2026-09-29T11:57:20.265758638+01:00 mc: <ERROR> `config` is not a recognized command. Get help using `--help` flag. 
minio_init-1         | 2026-09-29T11:57:20.296044986+01:00 MinIO not up and running yet...
airflow-triggerer-1  | 2026-09-29T11:57:20.670850498+01:00 2026-09-29T10:57:18.212929Z [info     ] Triggerer's async thread was blocked for 0.26 seconds, likely by a badly-written trigger. Set PYTHONASYNCIODEBUG=1 to get more information on overrunning coroutines. [airflow.jobs.triggerer_job_runner] loc=triggerer_job_runner.py:735
airflow-triggerer-1  | 2026-09-29T11:57:20.670891288+01:00 2026-09-29T10:57:18.843946Z [info     ] Triggerer's async thread was blocked for 0.58 seconds, likely by a badly-written trigger. Set PYTHONASYNCIODEBUG=1 to get more information on overrunning coroutines. [airflow.jobs.triggerer_job_runner] loc=triggerer_job_runner.py:735
airflow-triggerer-1  | 2026-09-29T11:57:20.726113837+01:00 2026-09-29T10:57:19.293934Z [info     ] Triggerer's async thread was blocked for 0.21 seconds, likely by a badly-written trigger. Set PYTHONASYNCIODEBUG=1 to get more information on overrunning coroutines. [airflow.jobs.triggerer_job_runner] loc=triggerer_job_runner.py:735
airflow-triggerer-1  | 2026-09-29T11:57:20.731928468+01:00 2026-09-29T10:57:19.881244Z [info     ] Triggerer's async thread was blocked for 0.24 seconds, likely by a badly-written trigger. Set PYTHONASYNCIODEBUG=1 to get more information on overrunning coroutines. [airflow.jobs.triggerer_job_runner] loc=triggerer_job_runner.py:735
airflow-triggerer-1  | 2026-09-29T11:57:20.796004980+01:00 2026-09-29T10:57:20.477715Z [info     ] Triggerer's async thread was blocked for 0.32 seconds, likely by a badly-written trigger. Set PYTHONASYNCIODEBUG=1 to get more information on overrunning coroutines. [airflow.jobs.triggerer_job_runner] loc=triggerer_job_runner.py:735
minio_init-1         | 2026-09-29T11:57:21.945162261+01:00 mc: <ERROR> `config` is not a recognized command. Get help using `--help` flag. 
minio_init-1         | 2026-09-29T11:57:22.003418463+01:00 MinIO not up and running yet...
airflow-scheduler-1  | 2026-09-29T11:57:22.770335859+01:00 127.0.0.1 - - [29/Sep/2026 10:57:22] "GET /health HTTP/1.1" 200 -
minio_init-1         | 2026-09-29T11:57:23.604175104+01:00 mc: <ERROR> `config` is not a recognized command. Get help using `--help` flag. 
minio_init-1         | 2026-09-29T11:57:23.604218625+01:00 MinIO not up and running yet...
airflow-triggerer-1  | 2026-09-29T11:57:24.476031601+01:00 2026-09-29T10:57:21.984563Z [info     ] Triggerer's async thread was blocked for 0.34 seconds, likely by a badly-written trigger. Set PYTHONASYNCIODEBUG=1 to get more information on overrunning coroutines. [airflow.jobs.triggerer_job_runner] loc=triggerer_job_runner.py:735
airflow-triggerer-1  | 2026-09-29T11:57:24.505770075+01:00 2026-09-29T10:57:23.351582Z [info     ] Triggerer's async thread was blocked for 0.26 seconds, likely by a badly-written trigger. Set PYTHONASYNCIODEBUG=1 to get more information on overrunning coroutines. [airflow.jobs.triggerer_job_runner] loc=triggerer_job_runner.py:735
airflow-triggerer-1  | 2026-09-29T11:57:24.574334775+01:00 2026-09-29T10:57:23.727588Z [info     ] Triggerer's async thread was blocked for 0.35 seconds, likely by a badly-written trigger. Set PYTHONASYNCIODEBUG=1 to get more information on overrunning coroutines. [airflow.jobs.triggerer_job_runner] loc=triggerer_job_runner.py:735
minio_init-1         | 2026-09-29T11:57:25.055207028+01:00 mc: <ERROR> `config` is not a recognized command. Get help using `--help` flag. 
minio_init-1         | 2026-09-29T11:57:25.103127280+01:00 MinIO not up and running yet...
minio_init-1         | 2026-09-29T11:57:26.539708350+01:00 mc: <ERROR> `config` is not a recognized command. Get help using `--help` flag. 
minio_init-1         | 2026-09-29T11:57:26.644795235+01:00 MinIO not up and running yet...
airflow-triggerer-1  | 2026-09-29T11:57:27.094881820+01:00 2026-09-29T10:57:24.908110Z [info     ] Triggerer's async thread was blocked for 0.25 seconds, likely by a badly-written trigger. Set PYTHONASYNCIODEBUG=1 to get more information on overrunning coroutines. [airflow.jobs.triggerer_job_runner] loc=triggerer_job_runner.py:735
minio_init-1         | 2026-09-29T11:57:28.272858171+01:00 mc: <ERROR> `config` is not a recognized command. Get help using `--help` flag. 
minio_init-1         | 2026-09-29T11:57:28.276316965+01:00 MinIO not up and running yet...
minio_init-1         | 2026-09-29T11:57:29.517606346+01:00 mc: <ERROR> `config` is not a recognized command. Get help using `--help` flag. 
minio_init-1         | 2026-09-29T11:57:29.531376066+01:00 MinIO not up and running yet...
minio_init-1         | 2026-09-29T11:57:31.537566332+01:00 mc: <ERROR> `config` is not a recognized command. Get help using `--help` flag. 
minio_init-1         | 2026-09-29T11:57:31.678315300+01:00 MinIO not up and running yet...
airflow-triggerer-1  | 2026-09-29T11:57:32.044668425+01:00 2026-09-29T10:57:30.775405Z [info     ] Triggerer's async thread was blocked for 0.22 seconds, likely by a badly-written trigger. Set PYTHONASYNCIODEBUG=1 to get more information on overrunning coroutines. [airflow.jobs.triggerer_job_runner] loc=triggerer_job_runner.py:735
airflow-triggerer-1  | 2026-09-29T11:57:32.288320405+01:00 2026-09-29T10:57:31.979017Z [info     ] Triggerer's async thread was blocked for 0.70 seconds, likely by a badly-written trigger. Set PYTHONASYNCIODEBUG=1 to get more information on overrunning coroutines. [airflow.jobs.triggerer_job_runner] loc=triggerer_job_runner.py:735
minio_init-1         | 2026-09-29T11:57:33.645447186+01:00 mc: <ERROR> `config` is not a recognized command. Get help using `--help` flag. 
minio_init-1         | 2026-09-29T11:57:33.697013043+01:00 MinIO not up and running yet...
airflow-apiserver-1  | 2026-09-29T11:57:34.016298512+01:00 INFO:     127.0.0.1:48278 - "GET /api/v2/version HTTP/1.1" 200 OK
minio_init-1         | 2026-09-29T11:57:35.081468170+01:00 mc: <ERROR> `config` is not a recognized command. Get help using `--help` flag. 
minio_init-1         | 2026-09-29T11:57:35.123321985+01:00 MinIO not up and running yet...
airflow-triggerer-1  | 2026-09-29T11:57:35.608866420+01:00 2026-09-29T10:57:33.096990Z [info     ] Triggerer's async thread was blocked for 0.33 seconds, likely by a badly-written trigger. Set PYTHONASYNCIODEBUG=1 to get more information on overrunning coroutines. [airflow.jobs.triggerer_job_runner] loc=triggerer_job_runner.py:735
airflow-triggerer-1  | 2026-09-29T11:57:35.668834474+01:00 2026-09-29T10:57:34.000924Z [info     ] Triggerer's async thread was blocked for 0.43 seconds, likely by a badly-written trigger. Set PYTHONASYNCIODEBUG=1 to get more information on overrunning coroutines. [airflow.jobs.triggerer_job_runner] loc=triggerer_job_runner.py:735
minio_init-1         | 2026-09-29T11:57:36.898001153+01:00 mc: <ERROR> `config` is not a recognized command. Get help using `--help` flag. 
minio_init-1         | 2026-09-29T11:57:37.065321602+01:00 MinIO not up and running yet...
minio_init-1         | 2026-09-29T11:57:38.428727756+01:00 mc: <ERROR> `config` is not a recognized command. Get help using `--help` flag. 
minio_init-1         | 2026-09-29T11:57:38.439158741+01:00 MinIO not up and running yet...
airflow-triggerer-1  | 2026-09-29T11:57:38.789065647+01:00 2026-09-29T10:57:35.900250Z [info     ] Triggerer's async thread was blocked for 0.25 seconds, likely by a badly-written trigger. Set PYTHONASYNCIODEBUG=1 to get more information on overrunning coroutines. [airflow.jobs.triggerer_job_runner] loc=triggerer_job_runner.py:735
airflow-triggerer-1  | 2026-09-29T11:57:38.790057617+01:00 2026-09-29T10:57:36.347733Z [info     ] Triggerer's async thread was blocked for 0.22 seconds, likely by a badly-written trigger. Set PYTHONASYNCIODEBUG=1 to get more information on overrunning coroutines. [airflow.jobs.triggerer_job_runner] loc=triggerer_job_runner.py:735
airflow-triggerer-1  | 2026-09-29T11:57:38.790125102+01:00 2026-09-29T10:57:37.094653Z [info     ] Triggerer's async thread was blocked for 0.28 seconds, likely by a badly-written trigger. Set PYTHONASYNCIODEBUG=1 to get more information on overrunning coroutines. [airflow.jobs.triggerer_job_runner] loc=triggerer_job_runner.py:735
airflow-triggerer-1  | 2026-09-29T11:57:38.790130501+01:00 2026-09-29T10:57:37.561290Z [info     ] Triggerer's async thread was blocked for 0.38 seconds, likely by a badly-written trigger. Set PYTHONASYNCIODEBUG=1 to get more information on overrunning coroutines. [airflow.jobs.triggerer_job_runner] loc=triggerer_job_runner.py:735
minio_init-1         | 2026-09-29T11:57:39.907351950+01:00 mc: <ERROR> `config` is not a recognized command. Get help using `--help` flag. 
minio_init-1         | 2026-09-29T11:57:39.908447401+01:00 MinIO not up and running yet...
airflow-scheduler-1  | 2026-09-29T11:57:41.535533394+01:00 2026-09-29T10:57:41.527986Z [info     ] Adopting or resetting orphaned tasks for active dag runs [airflow.jobs.scheduler_job_runner.SchedulerJobRunner] loc=scheduler_job_runner.py:2276
minio_init-1         | 2026-09-29T11:57:41.705399836+01:00 mc: <ERROR> `config` is not a recognized command. Get help using `--help` flag. 
minio_init-1         | 2026-09-29T11:57:41.731530651+01:00 MinIO not up and running yet...
minio_init-1         | 2026-09-29T11:57:43.460020225+01:00 mc: <ERROR> `config` is not a recognized command. Get help using `--help` flag. 
minio_init-1         | 2026-09-29T11:57:43.502791356+01:00 MinIO not up and running yet...
airflow-triggerer-1  | 2026-09-29T11:57:44.520524892+01:00 2026-09-29T10:57:42.696933Z [info     ] Triggerer's async thread was blocked for 0.22 seconds, likely by a badly-written trigger. Set PYTHONASYNCIODEBUG=1 to get more information on overrunning coroutines. [airflow.jobs.triggerer_job_runner] loc=triggerer_job_runner.py:735
airflow-triggerer-1  | 2026-09-29T11:57:44.626189513+01:00 2026-09-29T10:57:44.415153Z [info     ] Triggerer's async thread was blocked for 0.22 seconds, likely by a badly-written trigger. Set PYTHONASYNCIODEBUG=1 to get more information on overrunning coroutines. [airflow.jobs.triggerer_job_runner] loc=triggerer_job_runner.py:735
minio_init-1         | 2026-09-29T11:57:44.967201926+01:00 mc: <ERROR> `config` is not a recognized command. Get help using `--help` flag. 
minio_init-1         | 2026-09-29T11:57:44.997425696+01:00 MinIO not up and running yet...
minio_init-1         | 2026-09-29T11:57:46.317276114+01:00 mc: <ERROR> `config` is not a recognized command. Get help using `--help` flag. 
minio_init-1         | 2026-09-29T11:57:46.406595726+01:00 MinIO not up and running yet...
airflow-triggerer-1  | 2026-09-29T11:57:46.872836180+01:00 2026-09-29T10:57:46.341582Z [info     ] Triggerer's async thread was blocked for 0.21 seconds, likely by a badly-written trigger. Set PYTHONASYNCIODEBUG=1 to get more information on overrunning coroutines. [airflow.jobs.triggerer_job_runner] loc=triggerer_job_runner.py:735
airflow-triggerer-1  | 2026-09-29T11:57:46.879830584+01:00 2026-09-29T10:57:46.870959Z [info     ] Triggerer's async thread was blocked for 0.26 seconds, likely by a badly-written trigger. Set PYTHONASYNCIODEBUG=1 to get more information on overrunning coroutines. [airflow.jobs.triggerer_job_runner] loc=triggerer_job_runner.py:735
airflow-init-1       | 2026-09-29T11:57:47.394490370+01:00 2026-09-29T10:57:47.391390Z [warning  ] Skipping masking for a secret as it's too short (<5 chars) [airflow._shared.secrets_masker.secrets_masker] loc=secrets_masker.py:555
airflow-init-1       | 2026-09-29T11:57:47.403189913+01:00 2026-09-29T10:57:47.401548Z [warning  ] Skipping masking for a secret as it's too short (<5 chars) [airflow.sdk._shared.secrets_masker.secrets_masker] loc=secrets_masker.py:555
minio_init-1         | 2026-09-29T11:57:48.041061968+01:00 mc: <ERROR> `config` is not a recognized command. Get help using `--help` flag. 
minio_init-1         | 2026-09-29T11:57:48.042803881+01:00 MinIO not up and running yet...
airflow-triggerer-1  | 2026-09-29T11:57:48.700015991+01:00 2026-09-29T10:57:47.966406Z [info     ] Triggerer's async thread was blocked for 0.38 seconds, likely by a badly-written trigger. Set PYTHONASYNCIODEBUG=1 to get more information on overrunning coroutines. [airflow.jobs.triggerer_job_runner] loc=triggerer_job_runner.py:735
minio_init-1         | 2026-09-29T11:57:49.203098617+01:00 mc: <ERROR> `config` is not a recognized command. Get help using `--help` flag. 
minio_init-1         | 2026-09-29T11:57:49.203150703+01:00 MinIO not up and running yet...
minio_init-1         | 2026-09-29T11:57:50.612398732+01:00 mc: <ERROR> `config` is not a recognized command. Get help using `--help` flag. 
minio_init-1         | 2026-09-29T11:57:50.675558586+01:00 MinIO not up and running yet...
airflow-triggerer-1  | 2026-09-29T11:57:51.057792533+01:00 2026-09-29T10:57:49.493621Z [info     ] Triggerer's async thread was blocked for 0.29 seconds, likely by a badly-written trigger. Set PYTHONASYNCIODEBUG=1 to get more information on overrunning coroutines. [airflow.jobs.triggerer_job_runner] loc=triggerer_job_runner.py:735
airflow-triggerer-1  | 2026-09-29T11:57:51.093880404+01:00 2026-09-29T10:57:49.917368Z [info     ] Triggerer's async thread was blocked for 0.25 seconds, likely by a badly-written trigger. Set PYTHONASYNCIODEBUG=1 to get more information on overrunning coroutines. [airflow.jobs.triggerer_job_runner] loc=triggerer_job_runner.py:735
minio_init-1         | 2026-09-29T11:57:52.050198228+01:00 mc: <ERROR> `config` is not a recognized command. Get help using `--help` flag. 
minio_init-1         | 2026-09-29T11:57:52.113536879+01:00 MinIO not up and running yet...
minio_init-1         | 2026-09-29T11:57:54.137607008+01:00 mc: <ERROR> `config` is not a recognized command. Get help using `--help` flag. 
minio_init-1         | 2026-09-29T11:57:54.192263051+01:00 MinIO not up and running yet...
airflow-triggerer-1  | 2026-09-29T11:57:54.836991012+01:00 2026-09-29T10:57:52.713363Z [info     ] Triggerer's async thread was blocked for 0.20 seconds, likely by a badly-written trigger. Set PYTHONASYNCIODEBUG=1 to get more information on overrunning coroutines. [airflow.jobs.triggerer_job_runner] loc=triggerer_job_runner.py:735
airflow-triggerer-1  | 2026-09-29T11:57:54.840293917+01:00 2026-09-29T10:57:54.394600Z [info     ] Triggerer's async thread was blocked for 0.44 seconds, likely by a badly-written trigger. Set PYTHONASYNCIODEBUG=1 to get more information on overrunning coroutines. [airflow.jobs.triggerer_job_runner] loc=triggerer_job_runner.py:735
airflow-scheduler-1  | 2026-09-29T11:57:54.875189918+01:00 127.0.0.1 - - [29/Sep/2026 10:57:54] "GET /health HTTP/1.1" 200 -
minio_init-1         | 2026-09-29T11:57:55.855748734+01:00 mc: <ERROR> `config` is not a recognized command. Get help using `--help` flag. 
minio_init-1         | 2026-09-29T11:57:55.863151935+01:00 MinIO not up and running yet...
airflow-triggerer-1  | 2026-09-29T11:57:56.935016557+01:00 2026-09-29T10:57:55.257191Z [info     ] Triggerer's async thread was blocked for 0.21 seconds, likely by a badly-written trigger. Set PYTHONASYNCIODEBUG=1 to get more information on overrunning coroutines. [airflow.jobs.triggerer_job_runner] loc=triggerer_job_runner.py:735
airflow-triggerer-1  | 2026-09-29T11:57:56.968222119+01:00 2026-09-29T10:57:56.270843Z [info     ] Triggerer's async thread was blocked for 0.48 seconds, likely by a badly-written trigger. Set PYTHONASYNCIODEBUG=1 to get more information on overrunning coroutines. [airflow.jobs.triggerer_job_runner] loc=triggerer_job_runner.py:735
minio_init-1         | 2026-09-29T11:57:58.048882241+01:00 mc: <ERROR> `config` is not a recognized command. Get help using `--help` flag. 
minio_init-1         | 2026-09-29T11:57:58.082944383+01:00 MinIO not up and running yet...
minio_init-1         | 2026-09-29T11:57:59.256842024+01:00 mc: <ERROR> `config` is not a recognized command. Get help using `--help` flag. 
minio_init-1         | 2026-09-29T11:57:59.313100349+01:00 MinIO not up and running yet...
airflow-triggerer-1  | 2026-09-29T11:57:59.422078374+01:00 2026-09-29T10:57:57.753001Z [info     ] Triggerer's async thread was blocked for 0.32 seconds, likely by a badly-written trigger. Set PYTHONASYNCIODEBUG=1 to get more information on overrunning coroutines. [airflow.jobs.triggerer_job_runner] loc=triggerer_job_runner.py:735
minio_init-1         | 2026-09-29T11:58:00.599253153+01:00 mc: <ERROR> `config` is not a recognized command. Get help using `--help` flag. 
minio_init-1         | 2026-09-29T11:58:00.658608189+01:00 MinIO not up and running yet...
minio_init-1         | 2026-09-29T11:58:02.177722502+01:00 mc: <ERROR> `config` is not a recognized command. Get help using `--help` flag. 
minio_init-1         | 2026-09-29T11:58:02.193059637+01:00 MinIO not up and running yet...
airflow-triggerer-1  | 2026-09-29T11:58:03.308138359+01:00 2026-09-29T10:58:02.406366Z [info     ] Triggerer's async thread was blocked for 0.28 seconds, likely by a badly-written trigger. Set PYTHONASYNCIODEBUG=1 to get more information on overrunning coroutines. [airflow.jobs.triggerer_job_runner] loc=triggerer_job_runner.py:735
minio_init-1         | 2026-09-29T11:58:03.716440879+01:00 mc: <ERROR> `config` is not a recognized command. Get help using `--help` flag. 
minio_init-1         | 2026-09-29T11:58:03.737608745+01:00 MinIO not up and running yet...
airflow-triggerer-1  | 2026-09-29T11:58:03.876020304+01:00 2026-09-29T10:58:02.410878Z [info     ] 0 triggers currently running   [airflow.jobs.triggerer_job_runner] loc=triggerer_job_runner.py:735
airflow-triggerer-1  | 2026-09-29T11:58:04.140664810+01:00 2026-09-29T10:58:02.419893Z [info     ] 0 watchers currently running   [airflow.jobs.triggerer_job_runner] loc=triggerer_job_runner.py:735
airflow-apiserver-1  | 2026-09-29T11:58:05.305477830+01:00 INFO:     127.0.0.1:35594 - "GET /api/v2/version HTTP/1.1" 200 OK
minio_init-1         | 2026-09-29T11:58:05.307045201+01:00 mc: <ERROR> `config` is not a recognized command. Get help using `--help` flag. 
minio_init-1         | 2026-09-29T11:58:05.382478397+01:00 MinIO not up and running yet...
minio_init-1         | 2026-09-29T11:58:06.833655296+01:00 mc: <ERROR> `config` is not a recognized command. Get help using `--help` flag. 
minio_init-1         | 2026-09-29T11:58:06.848575631+01:00 MinIO not up and running yet...
airflow-triggerer-1  | 2026-09-29T11:58:07.498469196+01:00 2026-09-29T10:58:03.672648Z [info     ] Triggerer's async thread was blocked for 0.25 seconds, likely by a badly-written trigger. Set PYTHONASYNCIODEBUG=1 to get more information on overrunning coroutines. [airflow.jobs.triggerer_job_runner] loc=triggerer_job_runner.py:735
airflow-triggerer-1  | 2026-09-29T11:58:07.543246937+01:00 2026-09-29T10:58:05.277844Z [info     ] Triggerer's async thread was blocked for 0.44 seconds, likely by a badly-written trigger. Set PYTHONASYNCIODEBUG=1 to get more information on overrunning coroutines. [airflow.jobs.triggerer_job_runner] loc=triggerer_job_runner.py:735
minio_init-1         | 2026-09-29T11:58:08.587829082+01:00 mc: <ERROR> `config` is not a recognized command. Get help using `--help` flag. 
minio_init-1         | 2026-09-29T11:58:08.588086278+01:00 MinIO not up and running yet...
airflow-triggerer-1  | 2026-09-29T11:58:08.761428473+01:00 2026-09-29T10:58:08.746118Z [info     ] Triggerer's async thread was blocked for 0.49 seconds, likely by a badly-written trigger. Set PYTHONASYNCIODEBUG=1 to get more information on overrunning coroutines. [airflow.jobs.triggerer_job_runner] loc=triggerer_job_runner.py:735
minio_init-1         | 2026-09-29T11:58:10.114407541+01:00 mc: <ERROR> `config` is not a recognized command. Get help using `--help` flag. 
minio_init-1         | 2026-09-29T11:58:10.163509014+01:00 MinIO not up and running yet...
airflow-triggerer-1  | 2026-09-29T11:58:10.922543759+01:00 2026-09-29T10:58:09.388999Z [info     ] Triggerer's async thread was blocked for 0.21 seconds, likely by a badly-written trigger. Set PYTHONASYNCIODEBUG=1 to get more information on overrunning coroutines. [airflow.jobs.triggerer_job_runner] loc=triggerer_job_runner.py:735
airflow-triggerer-1  | 2026-09-29T11:58:10.996635740+01:00 2026-09-29T10:58:10.185005Z [info     ] Triggerer's async thread was blocked for 0.34 seconds, likely by a badly-written trigger. Set PYTHONASYNCIODEBUG=1 to get more information on overrunning coroutines. [airflow.jobs.triggerer_job_runner] loc=triggerer_job_runner.py:735
minio_init-1         | 2026-09-29T11:58:11.785263327+01:00 mc: <ERROR> `config` is not a recognized command. Get help using `--help` flag. 
minio_init-1         | 2026-09-29T11:58:11.816876410+01:00 MinIO not up and running yet...
airflow-triggerer-1  | 2026-09-29T11:58:12.832411651+01:00 2026-09-29T10:58:11.320908Z [info     ] Triggerer's async thread was blocked for 0.24 seconds, likely by a badly-written trigger. Set PYTHONASYNCIODEBUG=1 to get more information on overrunning coroutines. [airflow.jobs.triggerer_job_runner] loc=triggerer_job_runner.py:735
minio_init-1         | 2026-09-29T11:58:13.172969189+01:00 mc: <ERROR> `config` is not a recognized command. Get help using `--help` flag. 
minio_init-1         | 2026-09-29T11:58:13.186043355+01:00 MinIO not up and running yet...
airflow-init-1       | 2026-09-29T11:58:14.381777698+01:00 /home/airflow/.local/lib/python3.12/site-packages/airflow/providers/fab/auth_manager/fab_auth_manager.py:108 RemovedInAirflow4Warning: The airflow.security.permissions module is deprecated; please see https://airflow.apache.org/docs/apache-airflow/stable/security/deprecated_permissions.html
minio_init-1         | 2026-09-29T11:58:14.687493075+01:00 mc: <ERROR> `config` is not a recognized command. Get help using `--help` flag. 
minio_init-1         | 2026-09-29T11:58:14.693356863+01:00 MinIO not up and running yet...
minio_init-1         | 2026-09-29T11:58:16.478855655+01:00 mc: <ERROR> `config` is not a recognized command. Get help using `--help` flag. 
minio_init-1         | 2026-09-29T11:58:16.553227973+01:00 MinIO not up and running yet...
airflow-triggerer-1  | 2026-09-29T11:58:17.016949769+01:00 2026-09-29T10:58:14.829494Z [info     ] Triggerer's async thread was blocked for 0.22 seconds, likely by a badly-written trigger. Set PYTHONASYNCIODEBUG=1 to get more information on overrunning coroutines. [airflow.jobs.triggerer_job_runner] loc=triggerer_job_runner.py:735
airflow-triggerer-1  | 2026-09-29T11:58:17.023348464+01:00 2026-09-29T10:58:16.366470Z [info     ] Triggerer's async thread was blocked for 0.24 seconds, likely by a badly-written trigger. Set PYTHONASYNCIODEBUG=1 to get more information on overrunning coroutines. [airflow.jobs.triggerer_job_runner] loc=triggerer_job_runner.py:735
minio_init-1         | 2026-09-29T11:58:17.929219451+01:00 mc: <ERROR> `config` is not a recognized command. Get help using `--help` flag. 
minio_init-1         | 2026-09-29T11:58:17.938177745+01:00 MinIO not up and running yet...
airflow-triggerer-1  | 2026-09-29T11:58:18.432126982+01:00 2026-09-29T10:58:17.511417Z [info     ] Triggerer's async thread was blocked for 0.22 seconds, likely by a badly-written trigger. Set PYTHONASYNCIODEBUG=1 to get more information on overrunning coroutines. [airflow.jobs.triggerer_job_runner] loc=triggerer_job_runner.py:735
airflow-triggerer-1  | 2026-09-29T11:58:18.434632581+01:00 2026-09-29T10:58:17.923862Z [info     ] Triggerer's async thread was blocked for 0.23 seconds, likely by a badly-written trigger. Set PYTHONASYNCIODEBUG=1 to get more information on overrunning coroutines. [airflow.jobs.triggerer_job_runner] loc=triggerer_job_runner.py:735
minio_init-1         | 2026-09-29T11:58:19.202740428+01:00 mc: <ERROR> `config` is not a recognized command. Get help using `--help` flag. 
minio_init-1         | 2026-09-29T11:58:19.219904074+01:00 MinIO not up and running yet...
airflow-triggerer-1  | 2026-09-29T11:58:19.491230600+01:00 2026-09-29T10:58:18.567870Z [info     ] Triggerer's async thread was blocked for 0.21 seconds, likely by a badly-written trigger. Set PYTHONASYNCIODEBUG=1 to get more information on overrunning coroutines. [airflow.jobs.triggerer_job_runner] loc=triggerer_job_runner.py:735
minio_init-1         | 2026-09-29T11:58:21.073890550+01:00 mc: <ERROR> `config` is not a recognized command. Get help using `--help` flag. 
minio_init-1         | 2026-09-29T11:58:21.118271306+01:00 MinIO not up and running yet...
minio_init-1         | 2026-09-29T11:58:22.535609754+01:00 mc: <ERROR> `config` is not a recognized command. Get help using `--help` flag. 
minio_init-1         | 2026-09-29T11:58:22.550927364+01:00 MinIO not up and running yet...
airflow-triggerer-1  | 2026-09-29T11:58:22.681094150+01:00 2026-09-29T10:58:20.625473Z [info     ] Triggerer's async thread was blocked for 0.20 seconds, likely by a badly-written trigger. Set PYTHONASYNCIODEBUG=1 to get more information on overrunning coroutines. [airflow.jobs.triggerer_job_runner] loc=triggerer_job_runner.py:735
airflow-triggerer-1  | 2026-09-29T11:58:22.798949250+01:00 2026-09-29T10:58:21.387810Z [info     ] Triggerer's async thread was blocked for 0.34 seconds, likely by a badly-written trigger. Set PYTHONASYNCIODEBUG=1 to get more information on overrunning coroutines. [airflow.jobs.triggerer_job_runner] loc=triggerer_job_runner.py:735
airflow-triggerer-1  | 2026-09-29T11:58:22.805812776+01:00 2026-09-29T10:58:22.477102Z [info     ] Triggerer's async thread was blocked for 0.29 seconds, likely by a badly-written trigger. Set PYTHONASYNCIODEBUG=1 to get more information on overrunning coroutines. [airflow.jobs.triggerer_job_runner] loc=triggerer_job_runner.py:735
minio_init-1         | 2026-09-29T11:58:24.174489549+01:00 mc: <ERROR> `config` is not a recognized command. Get help using `--help` flag. 
minio_init-1         | 2026-09-29T11:58:24.213101814+01:00 MinIO not up and running yet...
minio_init-1         | 2026-09-29T11:58:25.966282050+01:00 mc: <ERROR> `config` is not a recognized command. Get help using `--help` flag. 
minio_init-1         | 2026-09-29T11:58:26.075272738+01:00 MinIO not up and running yet...
airflow-triggerer-1  | 2026-09-29T11:58:26.079915644+01:00 2026-09-29T10:58:24.449129Z [info     ] Triggerer's async thread was blocked for 0.30 seconds, likely by a badly-written trigger. Set PYTHONASYNCIODEBUG=1 to get more information on overrunning coroutines. [airflow.jobs.triggerer_job_runner] loc=triggerer_job_runner.py:735
airflow-triggerer-1  | 2026-09-29T11:58:26.228382044+01:00 2026-09-29T10:58:25.384297Z [info     ] Triggerer's async thread was blocked for 0.25 seconds, likely by a badly-written trigger. Set PYTHONASYNCIODEBUG=1 to get more information on overrunning coroutines. [airflow.jobs.triggerer_job_runner] loc=triggerer_job_runner.py:735
airflow-scheduler-1  | 2026-09-29T11:58:27.448592929+01:00 127.0.0.1 - - [29/Sep/2026 10:58:27] "GET /health HTTP/1.1" 200 -
minio_init-1         | 2026-09-29T11:58:27.942619041+01:00 mc: <ERROR> `config` is not a recognized command. Get help using `--help` flag. 
minio_init-1         | 2026-09-29T11:58:28.009888524+01:00 MinIO not up and running yet...
airflow-triggerer-1  | 2026-09-29T11:58:28.568588221+01:00 2026-09-29T10:58:27.136200Z [info     ] Triggerer's async thread was blocked for 0.27 seconds, likely by a badly-written trigger. Set PYTHONASYNCIODEBUG=1 to get more information on overrunning coroutines. [airflow.jobs.triggerer_job_runner] loc=triggerer_job_runner.py:735
minio_init-1         | 2026-09-29T11:58:29.417485373+01:00 mc: <ERROR> `config` is not a recognized command. Get help using `--help` flag. 
minio_init-1         | 2026-09-29T11:58:29.445492378+01:00 MinIO not up and running yet...
minio_init-1         | 2026-09-29T11:58:30.720032946+01:00 mc: <ERROR> `config` is not a recognized command. Get help using `--help` flag. 
minio_init-1         | 2026-09-29T11:58:30.780521872+01:00 MinIO not up and running yet...
minio_init-1         | 2026-09-29T11:58:32.094515376+01:00 mc: <ERROR> `config` is not a recognized command. Get help using `--help` flag. 
minio_init-1         | 2026-09-29T11:58:32.109430710+01:00 MinIO not up and running yet...
airflow-triggerer-1  | 2026-09-29T11:58:33.113203017+01:00 2026-09-29T10:58:31.727698Z [info     ] Triggerer's async thread was blocked for 0.25 seconds, likely by a badly-written trigger. Set PYTHONASYNCIODEBUG=1 to get more information on overrunning coroutines. [airflow.jobs.triggerer_job_runner] loc=triggerer_job_runner.py:735
minio_init-1         | 2026-09-29T11:58:33.771724010+01:00 mc: <ERROR> `config` is not a recognized command. Get help using `--help` flag. 
minio_init-1         | 2026-09-29T11:58:33.802015488+01:00 MinIO not up and running yet...
airflow-triggerer-1  | 2026-09-29T11:58:34.612355976+01:00 2026-09-29T10:58:33.910143Z [info     ] Triggerer's async thread was blocked for 0.32 seconds, likely by a badly-written trigger. Set PYTHONASYNCIODEBUG=1 to get more information on overrunning coroutines. [airflow.jobs.triggerer_job_runner] loc=triggerer_job_runner.py:735
minio_init-1         | 2026-09-29T11:58:35.078174515+01:00 mc: <ERROR> `config` is not a recognized command. Get help using `--help` flag. 
minio_init-1         | 2026-09-29T11:58:35.120691596+01:00 MinIO not up and running yet...
airflow-apiserver-1  | 2026-09-29T11:58:36.145755383+01:00 INFO:     127.0.0.1:48606 - "GET /api/v2/version HTTP/1.1" 200 OK
minio_init-1         | 2026-09-29T11:58:36.639107714+01:00 mc: <ERROR> `config` is not a recognized command. Get help using `--help` flag. 
minio_init-1         | 2026-09-29T11:58:36.649369911+01:00 MinIO not up and running yet...
airflow-triggerer-1  | 2026-09-29T11:58:36.893396884+01:00 2026-09-29T10:58:35.690728Z [info     ] Triggerer's async thread was blocked for 0.25 seconds, likely by a badly-written trigger. Set PYTHONASYNCIODEBUG=1 to get more information on overrunning coroutines. [airflow.jobs.triggerer_job_runner] loc=triggerer_job_runner.py:735
minio_init-1         | 2026-09-29T11:58:38.512004536+01:00 mc: <ERROR> `config` is not a recognized command. Get help using `--help` flag. 
minio_init-1         | 2026-09-29T11:58:38.513901915+01:00 MinIO not up and running yet...
minio_init-1         | 2026-09-29T11:58:40.002076445+01:00 mc: <ERROR> `config` is not a recognized command. Get help using `--help` flag. 
minio_init-1         | 2026-09-29T11:58:40.008298112+01:00 MinIO not up and running yet...
airflow-triggerer-1  | 2026-09-29T11:58:40.841208684+01:00 2026-09-29T10:58:37.553154Z [info     ] Triggerer's async thread was blocked for 0.23 seconds, likely by a badly-written trigger. Set PYTHONASYNCIODEBUG=1 to get more information on overrunning coroutines. [airflow.jobs.triggerer_job_runner] loc=triggerer_job_runner.py:735
airflow-triggerer-1  | 2026-09-29T11:58:40.841674929+01:00 2026-09-29T10:58:38.849547Z [info     ] Triggerer's async thread was blocked for 0.27 seconds, likely by a badly-written trigger. Set PYTHONASYNCIODEBUG=1 to get more information on overrunning coroutines. [airflow.jobs.triggerer_job_runner] loc=triggerer_job_runner.py:735
airflow-triggerer-1  | 2026-09-29T11:58:40.844592634+01:00 2026-09-29T10:58:39.059349Z [info     ] Triggerer's async thread was blocked for 0.21 seconds, likely by a badly-written trigger. Set PYTHONASYNCIODEBUG=1 to get more information on overrunning coroutines. [airflow.jobs.triggerer_job_runner] loc=triggerer_job_runner.py:735
airflow-triggerer-1  | 2026-09-29T11:58:40.961519724+01:00 2026-09-29T10:58:39.789982Z [info     ] Triggerer's async thread was blocked for 0.23 seconds, likely by a badly-written trigger. Set PYTHONASYNCIODEBUG=1 to get more information on overrunning coroutines. [airflow.jobs.triggerer_job_runner] loc=triggerer_job_runner.py:735
minio_init-1         | 2026-09-29T11:58:41.455292923+01:00 mc: <ERROR> `config` is not a recognized command. Get help using `--help` flag. 
minio_init-1         | 2026-09-29T11:58:41.487697274+01:00 MinIO not up and running yet...
minio_init-1         | 2026-09-29T11:58:42.861436180+01:00 mc: <ERROR> `config` is not a recognized command. Get help using `--help` flag. 
minio_init-1         | 2026-09-29T11:58:42.864317740+01:00 MinIO not up and running yet...
airflow-triggerer-1  | 2026-09-29T11:58:43.400155288+01:00 2026-09-29T10:58:42.090997Z [info     ] Triggerer's async thread was blocked for 0.45 seconds, likely by a badly-written trigger. Set PYTHONASYNCIODEBUG=1 to get more information on overrunning coroutines. [airflow.jobs.triggerer_job_runner] loc=triggerer_job_runner.py:735
airflow-triggerer-1  | 2026-09-29T11:58:43.562288599+01:00 2026-09-29T10:58:42.926908Z [info     ] Triggerer's async thread was blocked for 0.25 seconds, likely by a badly-written trigger. Set PYTHONASYNCIODEBUG=1 to get more information on overrunning coroutines. [airflow.jobs.triggerer_job_runner] loc=triggerer_job_runner.py:735
minio_init-1         | 2026-09-29T11:58:44.153625537+01:00 mc: <ERROR> `config` is not a recognized command. Get help using `--help` flag. 
minio_init-1         | 2026-09-29T11:58:44.208692368+01:00 MinIO not up and running yet...
minio_init-1         | 2026-09-29T11:58:45.825043783+01:00 mc: <ERROR> `config` is not a recognized command. Get help using `--help` flag. 
minio_init-1         | 2026-09-29T11:58:45.831585733+01:00 MinIO not up and running yet...
airflow-triggerer-1  | 2026-09-29T11:58:45.954376525+01:00 2026-09-29T10:58:45.758618Z [info     ] Triggerer's async thread was blocked for 0.23 seconds, likely by a badly-written trigger. Set PYTHONASYNCIODEBUG=1 to get more information on overrunning coroutines. [airflow.jobs.triggerer_job_runner] loc=triggerer_job_runner.py:735
minio_init-1         | 2026-09-29T11:58:47.411176558+01:00 mc: <ERROR> `config` is not a recognized command. Get help using `--help` flag. 
minio_init-1         | 2026-09-29T11:58:47.610284649+01:00 MinIO not up and running yet...
minio_init-1         | 2026-09-29T11:58:49.385702555+01:00 mc: <ERROR> `config` is not a recognized command. Get help using `--help` flag. 
minio_init-1         | 2026-09-29T11:58:49.449229579+01:00 MinIO not up and running yet...
airflow-triggerer-1  | 2026-09-29T11:58:49.877050935+01:00 2026-09-29T10:58:49.107479Z [info     ] Triggerer's async thread was blocked for 0.27 seconds, likely by a badly-written trigger. Set PYTHONASYNCIODEBUG=1 to get more information on overrunning coroutines. [airflow.jobs.triggerer_job_runner] loc=triggerer_job_runner.py:735
airflow-triggerer-1  | 2026-09-29T11:58:49.877358199+01:00 2026-09-29T10:58:49.720571Z [info     ] Triggerer's async thread was blocked for 0.22 seconds, likely by a badly-written trigger. Set PYTHONASYNCIODEBUG=1 to get more information on overrunning coroutines. [airflow.jobs.triggerer_job_runner] loc=triggerer_job_runner.py:735
minio_init-1         | 2026-09-29T11:58:51.559882298+01:00 mc: <ERROR> `config` is not a recognized command. Get help using `--help` flag. 
minio_init-1         | 2026-09-29T11:58:51.560266915+01:00 MinIO not up and running yet...
airflow-triggerer-1  | 2026-09-29T11:58:52.546600306+01:00 2026-09-29T10:58:50.906350Z [info     ] Triggerer's async thread was blocked for 0.24 seconds, likely by a badly-written trigger. Set PYTHONASYNCIODEBUG=1 to get more information on overrunning coroutines. [airflow.jobs.triggerer_job_runner] loc=triggerer_job_runner.py:735
airflow-triggerer-1  | 2026-09-29T11:58:52.546772069+01:00 2026-09-29T10:58:51.261441Z [info     ] Triggerer's async thread was blocked for 0.25 seconds, likely by a badly-written trigger. Set PYTHONASYNCIODEBUG=1 to get more information on overrunning coroutines. [airflow.jobs.triggerer_job_runner] loc=triggerer_job_runner.py:735
minio_init-1         | 2026-09-29T11:58:52.783071725+01:00 mc: <ERROR> `config` is not a recognized command. Get help using `--help` flag. 
minio_init-1         | 2026-09-29T11:58:52.810116623+01:00 MinIO not up and running yet...
minio_init-1         | 2026-09-29T11:58:54.261769650+01:00 mc: <ERROR> `config` is not a recognized command. Get help using `--help` flag. 
minio_init-1         | 2026-09-29T11:58:54.295910375+01:00 MinIO not up and running yet...
airflow-triggerer-1  | 2026-09-29T11:58:54.870757645+01:00 2026-09-29T10:58:53.215394Z [info     ] Triggerer's async thread was blocked for 0.25 seconds, likely by a badly-written trigger. Set PYTHONASYNCIODEBUG=1 to get more information on overrunning coroutines. [airflow.jobs.triggerer_job_runner] loc=triggerer_job_runner.py:735
airflow-triggerer-1  | 2026-09-29T11:58:54.873135150+01:00 2026-09-29T10:58:53.838104Z [info     ] Triggerer's async thread was blocked for 0.28 seconds, likely by a badly-written trigger. Set PYTHONASYNCIODEBUG=1 to get more information on overrunning coroutines. [airflow.jobs.triggerer_job_runner] loc=triggerer_job_runner.py:735
minio_init-1         | 2026-09-29T11:58:56.780413691+01:00 mc: <ERROR> `config` is not a recognized command. Get help using `--help` flag. 
minio_init-1         | 2026-09-29T11:58:56.861345872+01:00 MinIO not up and running yet...
minio_init-1         | 2026-09-29T11:58:58.078187129+01:00 mc: <ERROR> `config` is not a recognized command. Get help using `--help` flag. 
minio_init-1         | 2026-09-29T11:58:58.083036000+01:00 MinIO not up and running yet...
airflow-scheduler-1  | 2026-09-29T11:58:59.458871060+01:00 127.0.0.1 - - [29/Sep/2026 10:58:59] "GET /health HTTP/1.1" 200 -
minio_init-1         | 2026-09-29T11:58:59.582968521+01:00 mc: <ERROR> `config` is not a recognized command. Get help using `--help` flag. 
minio_init-1         | 2026-09-29T11:58:59.609273888+01:00 MinIO not up and running yet...
airflow-triggerer-1  | 2026-09-29T11:58:59.780904392+01:00 2026-09-29T10:58:58.818746Z [info     ] Triggerer's async thread was blocked for 0.24 seconds, likely by a badly-written trigger. Set PYTHONASYNCIODEBUG=1 to get more information on overrunning coroutines. [airflow.jobs.triggerer_job_runner] loc=triggerer_job_runner.py:735
minio_init-1         | 2026-09-29T11:59:01.078588106+01:00 mc: <ERROR> `config` is not a recognized command. Get help using `--help` flag. 
minio_init-1         | 2026-09-29T11:59:01.121171342+01:00 MinIO not up and running yet...
airflow-triggerer-1  | 2026-09-29T11:59:02.501199148+01:00 2026-09-29T10:59:02.385329Z [info     ] Triggerer's async thread was blocked for 0.35 seconds, likely by a badly-written trigger. Set PYTHONASYNCIODEBUG=1 to get more information on overrunning coroutines. [airflow.jobs.triggerer_job_runner] loc=triggerer_job_runner.py:735
airflow-triggerer-1  | 2026-09-29T11:59:03.331063377+01:00 2026-09-29T10:59:03.327276Z [info     ] 0 triggers currently running   [airflow.jobs.triggerer_job_runner] loc=triggerer_job_runner.py:735
airflow-triggerer-1  | 2026-09-29T11:59:03.337257845+01:00 2026-09-29T10:59:03.327740Z [info     ] 0 watchers currently running   [airflow.jobs.triggerer_job_runner] loc=triggerer_job_runner.py:735
minio_init-1         | 2026-09-29T11:59:03.458578982+01:00 mc: <ERROR> `config` is not a recognized command. Get help using `--help` flag. 
minio_init-1         | 2026-09-29T11:59:03.467320730+01:00 MinIO not up and running yet...
airflow-triggerer-1  | 2026-09-29T11:59:03.698362217+01:00 2026-09-29T10:59:03.388336Z [info     ] Triggerer's async thread was blocked for 0.48 seconds, likely by a badly-written trigger. Set PYTHONASYNCIODEBUG=1 to get more information on overrunning coroutines. [airflow.jobs.triggerer_job_runner] loc=triggerer_job_runner.py:735
airflow-init-1       | 2026-09-29T11:59:04.863786248+01:00 2026-09-29T10:59:04.728153Z [warning  ] Skipping masking for a secret as it's too short (<5 chars) [airflow._shared.secrets_masker.secrets_masker] loc=secrets_masker.py:555
airflow-init-1       | 2026-09-29T11:59:04.913178024+01:00 2026-09-29T10:59:04.741326Z [warning  ] Skipping masking for a secret as it's too short (<5 chars) [airflow.sdk._shared.secrets_masker.secrets_masker] loc=secrets_masker.py:555
minio_init-1         | 2026-09-29T11:59:05.047237734+01:00 mc: <ERROR> `config` is not a recognized command. Get help using `--help` flag. 
minio_init-1         | 2026-09-29T11:59:05.143436366+01:00 MinIO not up and running yet...
airflow-triggerer-1  | 2026-09-29T11:59:05.323954921+01:00 2026-09-29T10:59:05.308978Z [info     ] Triggerer's async thread was blocked for 0.25 seconds, likely by a badly-written trigger. Set PYTHONASYNCIODEBUG=1 to get more information on overrunning coroutines. [airflow.jobs.triggerer_job_runner] loc=triggerer_job_runner.py:735
minio_init-1         | 2026-09-29T11:59:06.449533154+01:00 mc: <ERROR> `config` is not a recognized command. Get help using `--help` flag. 
minio_init-1         | 2026-09-29T11:59:06.498115883+01:00 MinIO not up and running yet...
minio_init-1         | 2026-09-29T11:59:07.898590724+01:00 mc: <ERROR> `config` is not a recognized command. Get help using `--help` flag. 
minio_init-1         | 2026-09-29T11:59:07.963823366+01:00 MinIO not up and running yet...
airflow-triggerer-1  | 2026-09-29T11:59:08.081182974+01:00 2026-09-29T10:59:07.587392Z [info     ] Triggerer's async thread was blocked for 0.27 seconds, likely by a badly-written trigger. Set PYTHONASYNCIODEBUG=1 to get more information on overrunning coroutines. [airflow.jobs.triggerer_job_runner] loc=triggerer_job_runner.py:735
airflow-apiserver-1  | 2026-09-29T11:59:08.998040497+01:00 INFO:     127.0.0.1:34094 - "GET /api/v2/version HTTP/1.1" 200 OK
minio_init-1         | 2026-09-29T11:59:10.349118066+01:00 mc: <ERROR> `config` is not a recognized command. Get help using `--help` flag. 
minio_init-1         | 2026-09-29T11:59:10.385217050+01:00 MinIO not up and running yet...
airflow-triggerer-1  | 2026-09-29T11:59:10.941797531+01:00 2026-09-29T10:59:10.244414Z [info     ] Triggerer's async thread was blocked for 0.27 seconds, likely by a badly-written trigger. Set PYTHONASYNCIODEBUG=1 to get more information on overrunning coroutines. [airflow.jobs.triggerer_job_runner] loc=triggerer_job_runner.py:735
minio_init-1         | 2026-09-29T11:59:11.949090305+01:00 mc: <ERROR> `config` is not a recognized command. Get help using `--help` flag. 
minio_init-1         | 2026-09-29T11:59:12.016198832+01:00 MinIO not up and running yet...
minio_init-1         | 2026-09-29T11:59:14.102272203+01:00 mc: <ERROR> `config` is not a recognized command. Get help using `--help` flag. 
minio_init-1         | 2026-09-29T11:59:14.198193973+01:00 MinIO not up and running yet...
minio_init-1         | 2026-09-29T11:59:15.433530965+01:00 mc: <ERROR> `config` is not a recognized command. Get help using `--help` flag. 
minio_init-1         | 2026-09-29T11:59:15.600190928+01:00 MinIO not up and running yet...
minio_init-1         | 2026-09-29T11:59:16.717369546+01:00 mc: <ERROR> `config` is not a recognized command. Get help using `--help` flag. 
minio_init-1         | 2026-09-29T11:59:16.717684013+01:00 MinIO not up and running yet...
minio_init-1         | 2026-09-29T11:59:18.211228358+01:00 MinIO not up and running yet...
minio_init-1         | 2026-09-29T11:59:18.211284713+01:00 mc: <ERROR> `config` is not a recognized command. Get help using `--help` flag. 
minio_init-1         | 2026-09-29T11:59:19.567410715+01:00 mc: <ERROR> `config` is not a recognized command. Get help using `--help` flag. 
minio_init-1         | 2026-09-29T11:59:19.603116076+01:00 MinIO not up and running yet...
minio_init-1         | 2026-09-29T11:59:21.357226528+01:00 MinIO not up and running yet...
minio_init-1         | 2026-09-29T11:59:21.358191368+01:00 mc: <ERROR> `config` is not a recognized command. Get help using `--help` flag. 
airflow-triggerer-1  | 2026-09-29T11:59:22.003146170+01:00 2026-09-29T10:59:20.756903Z [info     ] Triggerer's async thread was blocked for 0.25 seconds, likely by a badly-written trigger. Set PYTHONASYNCIODEBUG=1 to get more information on overrunning coroutines. [airflow.jobs.triggerer_job_runner] loc=triggerer_job_runner.py:735
minio_init-1         | 2026-09-29T11:59:22.656840031+01:00 mc: <ERROR> `config` is not a recognized command. Get help using `--help` flag. 
minio_init-1         | 2026-09-29T11:59:22.665174646+01:00 MinIO not up and running yet...
airflow-triggerer-1  | 2026-09-29T11:59:23.209124026+01:00 2026-09-29T10:59:23.186505Z [info     ] Triggerer's async thread was blocked for 0.44 seconds, likely by a badly-written trigger. Set PYTHONASYNCIODEBUG=1 to get more information on overrunning coroutines. [airflow.jobs.triggerer_job_runner] loc=triggerer_job_runner.py:735
minio_init-1         | 2026-09-29T11:59:25.095493439+01:00 mc: <ERROR> `config` is not a recognized command. Get help using `--help` flag. 
minio_init-1         | 2026-09-29T11:59:25.095554294+01:00 MinIO not up and running yet...
airflow-triggerer-1  | 2026-09-29T11:59:25.780053102+01:00 2026-09-29T10:59:24.840552Z [info     ] Triggerer's async thread was blocked for 0.23 seconds, likely by a badly-written trigger. Set PYTHONASYNCIODEBUG=1 to get more information on overrunning coroutines. [airflow.jobs.triggerer_job_runner] loc=triggerer_job_runner.py:735
airflow-triggerer-1  | 2026-09-29T11:59:25.804556103+01:00 2026-09-29T10:59:25.346190Z [info     ] Triggerer's async thread was blocked for 0.26 seconds, likely by a badly-written trigger. Set PYTHONASYNCIODEBUG=1 to get more information on overrunning coroutines. [airflow.jobs.triggerer_job_runner] loc=triggerer_job_runner.py:735
minio_init-1         | 2026-09-29T11:59:26.807927889+01:00 mc: <ERROR> `config` is not a recognized command. Get help using `--help` flag. 
minio_init-1         | 2026-09-29T11:59:26.926636828+01:00 MinIO not up and running yet...
airflow-triggerer-1  | 2026-09-29T11:59:27.312915053+01:00 2026-09-29T10:59:26.977113Z [info     ] Triggerer's async thread was blocked for 0.23 seconds, likely by a badly-written trigger. Set PYTHONASYNCIODEBUG=1 to get more information on overrunning coroutines. [airflow.jobs.triggerer_job_runner] loc=triggerer_job_runner.py:735
minio_init-1         | 2026-09-29T11:59:28.191597008+01:00 mc: <ERROR> `config` is not a recognized command. Get help using `--help` flag. 
minio_init-1         | 2026-09-29T11:59:28.193234103+01:00 MinIO not up and running yet...
minio_init-1         | 2026-09-29T11:59:29.504867425+01:00 mc: <ERROR> `config` is not a recognized command. Get help using `--help` flag. 
minio_init-1         | 2026-09-29T11:59:29.513505492+01:00 MinIO not up and running yet...
minio_init-1         | 2026-09-29T11:59:32.048714703+01:00 mc: <ERROR> `config` is not a recognized command. Get help using `--help` flag. 
minio_init-1         | 2026-09-29T11:59:32.050455745+01:00 MinIO not up and running yet...
minio_init-1         | 2026-09-29T11:59:32.645262706+01:00 mc: <ERROR> `config` is not a recognized command. Get help using `--help` flag. 
minio_init-1         | 2026-09-29T11:59:32.645888105+01:00 MinIO not up and running yet...
airflow-scheduler-1  | 2026-09-29T11:59:33.891209827+01:00 127.0.0.1 - - [29/Sep/2026 10:59:33] "GET /health HTTP/1.1" 200 -
minio_init-1         | 2026-09-29T11:59:34.762660643+01:00 MinIO not up and running yet...
minio_init-1         | 2026-09-29T11:59:34.763104467+01:00 mc: <ERROR> `config` is not a recognized command. Get help using `--help` flag. 
minio_init-1         | 2026-09-29T11:59:35.950304190+01:00 mc: <ERROR> `config` is not a recognized command. Get help using `--help` flag. 
minio_init-1         | 2026-09-29T11:59:36.035749125+01:00 MinIO not up and running yet...
minio_init-1         | 2026-09-29T11:59:37.229589132+01:00 mc: <ERROR> `config` is not a recognized command. Get help using `--help` flag. 
minio_init-1         | 2026-09-29T11:59:37.643651285+01:00 MinIO not up and running yet...
minio_init-1         | 2026-09-29T11:59:39.334389539+01:00 mc: <ERROR> `config` is not a recognized command. Get help using `--help` flag. 
minio_init-1         | 2026-09-29T11:59:39.449236726+01:00 MinIO not up and running yet...
minio_init-1         | 2026-09-29T11:59:40.519077128+01:00 mc: <ERROR> `config` is not a recognized command. Get help using `--help` flag. 
minio_init-1         | 2026-09-29T11:59:40.520321837+01:00 MinIO not up and running yet...
minio_init-1         | 2026-09-29T11:59:42.177257083+01:00 MinIO not up and running yet...
minio_init-1         | 2026-09-29T11:59:42.721041637+01:00 mc: <ERROR> `config` is not a recognized command. Get help using `--help` flag. 
airflow-triggerer-1  | 2026-09-29T11:59:42.726805959+01:00 2026-09-29T10:59:41.587980Z [info     ] Triggerer's async thread was blocked for 0.23 seconds, likely by a badly-written trigger. Set PYTHONASYNCIODEBUG=1 to get more information on overrunning coroutines. [airflow.jobs.triggerer_job_runner] loc=triggerer_job_runner.py:735
minio_init-1         | 2026-09-29T11:59:43.330811504+01:00 MinIO not up and running yet...
minio_init-1         | 2026-09-29T11:59:43.706536644+01:00 mc: <ERROR> `config` is not a recognized command. Get help using `--help` flag. 
airflow-apiserver-1  | 2026-09-29T11:59:43.906988232+01:00 INFO:     127.0.0.1:52502 - "GET /api/v2/version HTTP/1.1" 200 OK
minio_init-1         | 2026-09-29T11:59:44.509571898+01:00 mc: <ERROR> `config` is not a recognized command. Get help using `--help` flag. 
minio_init-1         | 2026-09-29T11:59:44.523904553+01:00 MinIO not up and running yet...
minio_init-1         | 2026-09-29T11:59:45.846376388+01:00 mc: <ERROR> `config` is not a recognized command. Get help using `--help` flag. 
minio_init-1         | 2026-09-29T11:59:45.846428715+01:00 MinIO not up and running yet...
minio_init-1         | 2026-09-29T11:59:47.076896898+01:00 mc: <ERROR> `config` is not a recognized command. Get help using `--help` flag. 
minio_init-1         | 2026-09-29T11:59:47.076943076+01:00 MinIO not up and running yet...
minio_init-1         | 2026-09-29T11:59:48.115156565+01:00 MinIO not up and running yet...
minio_init-1         | 2026-09-29T11:59:48.116261914+01:00 mc: <ERROR> `config` is not a recognized command. Get help using `--help` flag. 
minio_init-1         | 2026-09-29T11:59:49.449408052+01:00 mc: <ERROR> `config` is not a recognized command. Get help using `--help` flag. 
minio_init-1         | 2026-09-29T11:59:49.471853959+01:00 MinIO not up and running yet...
minio_init-1         | 2026-09-29T11:59:53.444838575+01:00 mc: <ERROR> `config` is not a recognized command. Get help using `--help` flag. 
minio_init-1         | 2026-09-29T11:59:53.685697031+01:00 MinIO not up and running yet...
airflow-triggerer-1  | 2026-09-29T11:59:53.837367964+01:00 2026-09-29T10:59:52.669639Z [info     ] Triggerer's async thread was blocked for 0.24 seconds, likely by a badly-written trigger. Set PYTHONASYNCIODEBUG=1 to get more information on overrunning coroutines. [airflow.jobs.triggerer_job_runner] loc=triggerer_job_runner.py:735
airflow-triggerer-1  | 2026-09-29T11:59:53.837406641+01:00 2026-09-29T10:59:53.057106Z [info     ] Triggerer's async thread was blocked for 0.27 seconds, likely by a badly-written trigger. Set PYTHONASYNCIODEBUG=1 to get more information on overrunning coroutines. [airflow.jobs.triggerer_job_runner] loc=triggerer_job_runner.py:735
airflow-triggerer-1  | 2026-09-29T11:59:54.979120901+01:00 2026-09-29T10:59:54.676934Z [info     ] Triggerer's async thread was blocked for 0.55 seconds, likely by a badly-written trigger. Set PYTHONASYNCIODEBUG=1 to get more information on overrunning coroutines. [airflow.jobs.triggerer_job_runner] loc=triggerer_job_runner.py:735
airflow-triggerer-1  | 2026-09-29T11:59:55.651827569+01:00 2026-09-29T10:59:55.227727Z [info     ] Triggerer's async thread was blocked for 0.31 seconds, likely by a badly-written trigger. Set PYTHONASYNCIODEBUG=1 to get more information on overrunning coroutines. [airflow.jobs.triggerer_job_runner] loc=triggerer_job_runner.py:735
airflow-triggerer-1  | 2026-09-29T11:59:57.032635285+01:00 2026-09-29T10:59:57.023303Z [info     ] Triggerer's async thread was blocked for 0.34 seconds, likely by a badly-written trigger. Set PYTHONASYNCIODEBUG=1 to get more information on overrunning coroutines. [airflow.jobs.triggerer_job_runner] loc=triggerer_job_runner.py:735
minio_init-1         | 2026-09-29T12:00:00.027969221+01:00 mc: <ERROR> `config` is not a recognized command. Get help using `--help` flag. 
minio_init-1         | 2026-09-29T12:00:00.198107242+01:00 MinIO not up and running yet...
minio_init-1         | 2026-09-29T12:00:01.486097164+01:00 mc: <ERROR> `config` is not a recognized command. Get help using `--help` flag. 
airflow-triggerer-1  | 2026-09-29T12:00:01.530419964+01:00 2026-09-29T10:59:59.655931Z [info     ] Triggerer's async thread was blocked for 0.25 seconds, likely by a badly-written trigger. Set PYTHONASYNCIODEBUG=1 to get more information on overrunning coroutines. [airflow.jobs.triggerer_job_runner] loc=triggerer_job_runner.py:735
minio_init-1         | 2026-09-29T12:00:01.530475957+01:00 MinIO not up and running yet...
airflow-triggerer-1  | 2026-09-29T12:00:01.593495898+01:00 2026-09-29T11:00:00.283760Z [info     ] Triggerer's async thread was blocked for 0.21 seconds, likely by a badly-written trigger. Set PYTHONASYNCIODEBUG=1 to get more information on overrunning coroutines. [airflow.jobs.triggerer_job_runner] loc=triggerer_job_runner.py:735
airflow-triggerer-1  | 2026-09-29T12:00:01.593534717+01:00 2026-09-29T11:00:01.178165Z [info     ] Triggerer's async thread was blocked for 0.49 seconds, likely by a badly-written trigger. Set PYTHONASYNCIODEBUG=1 to get more information on overrunning coroutines. [airflow.jobs.triggerer_job_runner] loc=triggerer_job_runner.py:735
minio_init-1         | 2026-09-29T12:00:02.805405469+01:00 mc: <ERROR> `config` is not a recognized command. Get help using `--help` flag. 
minio_init-1         | 2026-09-29T12:00:02.880089240+01:00 MinIO not up and running yet...
airflow-triggerer-1  | 2026-09-29T12:00:03.152385067+01:00 2026-09-29T11:00:01.545019Z [info     ] Triggerer's async thread was blocked for 0.32 seconds, likely by a badly-written trigger. Set PYTHONASYNCIODEBUG=1 to get more information on overrunning coroutines. [airflow.jobs.triggerer_job_runner] loc=triggerer_job_runner.py:735
minio_init-1         | 2026-09-29T12:00:04.840977582+01:00 mc: <ERROR> `config` is not a recognized command. Get help using `--help` flag. 
minio_init-1         | 2026-09-29T12:00:04.841616058+01:00 MinIO not up and running yet...
airflow-triggerer-1  | 2026-09-29T12:00:04.843374108+01:00 2026-09-29T11:00:03.862808Z [info     ] Triggerer's async thread was blocked for 0.34 seconds, likely by a badly-written trigger. Set PYTHONASYNCIODEBUG=1 to get more information on overrunning coroutines. [airflow.jobs.triggerer_job_runner] loc=triggerer_job_runner.py:735
airflow-triggerer-1  | 2026-09-29T12:00:04.844979877+01:00 2026-09-29T11:00:04.178595Z [info     ] Triggerer's async thread was blocked for 0.23 seconds, likely by a badly-written trigger. Set PYTHONASYNCIODEBUG=1 to get more information on overrunning coroutines. [airflow.jobs.triggerer_job_runner] loc=triggerer_job_runner.py:735
airflow-triggerer-1  | 2026-09-29T12:00:04.846338880+01:00 2026-09-29T11:00:04.180390Z [info     ] 0 triggers currently running   [airflow.jobs.triggerer_job_runner] loc=triggerer_job_runner.py:735
airflow-triggerer-1  | 2026-09-29T12:00:04.847850570+01:00 2026-09-29T11:00:04.180683Z [info     ] 0 watchers currently running   [airflow.jobs.triggerer_job_runner] loc=triggerer_job_runner.py:735
airflow-triggerer-1  | 2026-09-29T12:00:04.848200896+01:00 2026-09-29T11:00:04.407260Z [info     ] Triggerer's async thread was blocked for 0.23 seconds, likely by a badly-written trigger. Set PYTHONASYNCIODEBUG=1 to get more information on overrunning coroutines. [airflow.jobs.triggerer_job_runner] loc=triggerer_job_runner.py:735
airflow-triggerer-1  | 2026-09-29T12:00:05.225763848+01:00 2026-09-29T11:00:04.775310Z [info     ] Triggerer's async thread was blocked for 0.23 seconds, likely by a badly-written trigger. Set PYTHONASYNCIODEBUG=1 to get more information on overrunning coroutines. [airflow.jobs.triggerer_job_runner] loc=triggerer_job_runner.py:735
minio_init-1         | 2026-09-29T12:00:06.025118410+01:00 mc: <ERROR> `config` is not a recognized command. Get help using `--help` flag. 
minio_init-1         | 2026-09-29T12:00:06.041967355+01:00 MinIO not up and running yet...
airflow-triggerer-1  | 2026-09-29T12:00:06.912649382+01:00 2026-09-29T11:00:06.763017Z [info     ] Triggerer's async thread was blocked for 0.34 seconds, likely by a badly-written trigger. Set PYTHONASYNCIODEBUG=1 to get more information on overrunning coroutines. [airflow.jobs.triggerer_job_runner] loc=triggerer_job_runner.py:735
minio_init-1         | 2026-09-29T12:00:07.686857705+01:00 MinIO not up and running yet...
minio_init-1         | 2026-09-29T12:00:07.687972505+01:00 mc: <ERROR> `config` is not a recognized command. Get help using `--help` flag. 
airflow-triggerer-1  | 2026-09-29T12:00:10.836700646+01:00 2026-09-29T11:00:09.364495Z [info     ] Triggerer's async thread was blocked for 0.20 seconds, likely by a badly-written trigger. Set PYTHONASYNCIODEBUG=1 to get more information on overrunning coroutines. [airflow.jobs.triggerer_job_runner] loc=triggerer_job_runner.py:735
minio_init-1         | 2026-09-29T12:00:11.187254196+01:00 mc: <ERROR> `config` is not a recognized command. Get help using `--help` flag. 
minio_init-1         | 2026-09-29T12:00:11.233679649+01:00 MinIO not up and running yet...
airflow-triggerer-1  | 2026-09-29T12:00:11.842320713+01:00 2026-09-29T11:00:10.766054Z [info     ] Triggerer's async thread was blocked for 0.42 seconds, likely by a badly-written trigger. Set PYTHONASYNCIODEBUG=1 to get more information on overrunning coroutines. [airflow.jobs.triggerer_job_runner] loc=triggerer_job_runner.py:735
minio_init-1         | 2026-09-29T12:00:13.218039185+01:00 mc: <ERROR> `config` is not a recognized command. Get help using `--help` flag. 
minio_init-1         | 2026-09-29T12:00:13.240128508+01:00 MinIO not up and running yet...
airflow-scheduler-1  | 2026-09-29T12:00:13.471632124+01:00 127.0.0.1 - - [29/Sep/2026 11:00:13] "GET /health HTTP/1.1" 200 -
airflow-triggerer-1  | 2026-09-29T12:00:14.264597596+01:00 2026-09-29T11:00:13.902476Z [info     ] Triggerer's async thread was blocked for 0.27 seconds, likely by a badly-written trigger. Set PYTHONASYNCIODEBUG=1 to get more information on overrunning coroutines. [airflow.jobs.triggerer_job_runner] loc=triggerer_job_runner.py:735
airflow-triggerer-1  | 2026-09-29T12:00:14.943048343+01:00 2026-09-29T11:00:14.924747Z [info     ] Triggerer's async thread was blocked for 0.30 seconds, likely by a badly-written trigger. Set PYTHONASYNCIODEBUG=1 to get more information on overrunning coroutines. [airflow.jobs.triggerer_job_runner] loc=triggerer_job_runner.py:735
minio_init-1         | 2026-09-29T12:00:15.197796330+01:00 mc: <ERROR> `config` is not a recognized command. Get help using `--help` flag. 
minio_init-1         | 2026-09-29T12:00:15.221395717+01:00 MinIO not up and running yet...
airflow-apiserver-1  | 2026-09-29T12:00:15.237383894+01:00 INFO:     127.0.0.1:44384 - "GET /api/v2/version HTTP/1.1" 200 OK
minio_init-1         | 2026-09-29T12:00:16.679210396+01:00 mc: <ERROR> `config` is not a recognized command. Get help using `--help` flag. 
minio_init-1         | 2026-09-29T12:00:16.679588356+01:00 MinIO not up and running yet...
minio_init-1         | 2026-09-29T12:00:18.322527130+01:00 mc: <ERROR> `config` is not a recognized command. Get help using `--help` flag. 
minio_init-1         | 2026-09-29T12:00:18.367691380+01:00 MinIO not up and running yet...
minio_init-1         | 2026-09-29T12:00:20.016215138+01:00 mc: <ERROR> `config` is not a recognized command. Get help using `--help` flag. 
minio_init-1         | 2026-09-29T12:00:20.076540501+01:00 MinIO not up and running yet...
airflow-triggerer-1  | 2026-09-29T12:00:20.512314996+01:00 2026-09-29T11:00:20.121084Z [info     ] Triggerer's async thread was blocked for 0.25 seconds, likely by a badly-written trigger. Set PYTHONASYNCIODEBUG=1 to get more information on overrunning coroutines. [airflow.jobs.triggerer_job_runner] loc=triggerer_job_runner.py:735
minio_init-1         | 2026-09-29T12:00:21.857174076+01:00 mc: <ERROR> `config` is not a recognized command. Get help using `--help` flag. 
minio_init-1         | 2026-09-29T12:00:21.894066370+01:00 MinIO not up and running yet...
minio_init-1         | 2026-09-29T12:00:23.303386522+01:00 mc: <ERROR> `config` is not a recognized command. Get help using `--help` flag. 
minio_init-1         | 2026-09-29T12:00:23.307053786+01:00 MinIO not up and running yet...
airflow-triggerer-1  | 2026-09-29T12:00:24.734964547+01:00 2026-09-29T11:00:23.301179Z [info     ] Triggerer's async thread was blocked for 0.21 seconds, likely by a badly-written trigger. Set PYTHONASYNCIODEBUG=1 to get more information on overrunning coroutines. [airflow.jobs.triggerer_job_runner] loc=triggerer_job_runner.py:735
minio_init-1         | 2026-09-29T12:00:25.111182740+01:00 mc: <ERROR> `config` is not a recognized command. Get help using `--help` flag. 
minio_init-1         | 2026-09-29T12:00:25.177117816+01:00 MinIO not up and running yet...
airflow-triggerer-1  | 2026-09-29T12:00:26.390256820+01:00 2026-09-29T11:00:25.305078Z [info     ] Triggerer's async thread was blocked for 0.29 seconds, likely by a badly-written trigger. Set PYTHONASYNCIODEBUG=1 to get more information on overrunning coroutines. [airflow.jobs.triggerer_job_runner] loc=triggerer_job_runner.py:735
minio_init-1         | 2026-09-29T12:00:26.740044711+01:00 mc: <ERROR> `config` is not a recognized command. Get help using `--help` flag. 
minio_init-1         | 2026-09-29T12:00:26.797992669+01:00 MinIO not up and running yet...
airflow-scheduler-1  | 2026-09-29T12:00:27.214444496+01:00 2026-09-29T11:00:25.762783Z [info     ] Setting next_dagrun for nyc_dag to 2026-09-29 11:00:00+00:00, run_after=2026-09-29 11:15:00+00:00 [airflow.models.dag] loc=dag.py:688
minio_init-1         | 2026-09-29T12:00:28.285938084+01:00 mc: <ERROR> `config` is not a recognized command. Get help using `--help` flag. 
minio_init-1         | 2026-09-29T12:00:28.293241950+01:00 MinIO not up and running yet...
airflow-triggerer-1  | 2026-09-29T12:00:28.957274489+01:00 2026-09-29T11:00:27.587601Z [info     ] Triggerer's async thread was blocked for 0.23 seconds, likely by a badly-written trigger. Set PYTHONASYNCIODEBUG=1 to get more information on overrunning coroutines. [airflow.jobs.triggerer_job_runner] loc=triggerer_job_runner.py:735
minio_init-1         | 2026-09-29T12:00:30.028354988+01:00 mc: <ERROR> `config` is not a recognized command. Get help using `--help` flag. 
minio_init-1         | 2026-09-29T12:00:30.032477408+01:00 MinIO not up and running yet...
minio_init-1         | 2026-09-29T12:00:31.720872802+01:00 MinIO not up and running yet...
minio_init-1         | 2026-09-29T12:00:31.724325803+01:00 mc: <ERROR> `config` is not a recognized command. Get help using `--help` flag. 
airflow-triggerer-1  | 2026-09-29T12:00:31.736367865+01:00 2026-09-29T11:00:30.588663Z [info     ] Triggerer's async thread was blocked for 0.27 seconds, likely by a badly-written trigger. Set PYTHONASYNCIODEBUG=1 to get more information on overrunning coroutines. [airflow.jobs.triggerer_job_runner] loc=triggerer_job_runner.py:735
minio_init-1         | 2026-09-29T12:00:32.222812687+01:00 mc: <ERROR> `config` is not a recognized command. Get help using `--help` flag. 
minio_init-1         | 2026-09-29T12:00:32.254249156+01:00 MinIO not up and running yet...
airflow-triggerer-1  | 2026-09-29T12:00:33.235771351+01:00 2026-09-29T11:00:32.333825Z [info     ] Triggerer's async thread was blocked for 0.24 seconds, likely by a badly-written trigger. Set PYTHONASYNCIODEBUG=1 to get more information on overrunning coroutines. [airflow.jobs.triggerer_job_runner] loc=triggerer_job_runner.py:735
minio_init-1         | 2026-09-29T12:00:33.550101572+01:00 mc: <ERROR> `config` is not a recognized command. Get help using `--help` flag. 
minio_init-1         | 2026-09-29T12:00:33.550917839+01:00 MinIO not up and running yet...
airflow-triggerer-1  | 2026-09-29T12:00:35.022173472+01:00 2026-09-29T11:00:34.971182Z [info     ] Triggerer's async thread was blocked for 0.25 seconds, likely by a badly-written trigger. Set PYTHONASYNCIODEBUG=1 to get more information on overrunning coroutines. [airflow.jobs.triggerer_job_runner] loc=triggerer_job_runner.py:735
minio_init-1         | 2026-09-29T12:00:35.153667391+01:00 mc: <ERROR> `config` is not a recognized command. Get help using `--help` flag. 
minio_init-1         | 2026-09-29T12:00:35.233343091+01:00 MinIO not up and running yet...
airflow-scheduler-1  | 2026-09-29T12:00:36.400043757+01:00 2026-09-29T11:00:36.282705Z [info     ] 2 tasks up for execution:
airflow-scheduler-1  | 2026-09-29T12:00:36.400079176+01:00 	<TaskInstance: nyc_dag.download_citi_bike_data scheduled__2026-09-29T10:45:00+00:00 [scheduled]>
airflow-scheduler-1  | 2026-09-29T12:00:36.401119249+01:00 	<TaskInstance: nyc_dag.download_taxi_data scheduled__2026-09-29T10:45:00+00:00 [scheduled]> [airflow.jobs.scheduler_job_runner.SchedulerJobRunner] loc=scheduler_job_runner.py:444
airflow-scheduler-1  | 2026-09-29T12:00:36.405141163+01:00 2026-09-29T11:00:36.398975Z [info     ] DAG nyc_dag has 0/16 running and queued tasks [airflow.jobs.scheduler_job_runner.SchedulerJobRunner] loc=scheduler_job_runner.py:516
airflow-scheduler-1  | 2026-09-29T12:00:36.405176482+01:00 2026-09-29T11:00:36.400903Z [info     ] DAG nyc_dag has 1/16 running and queued tasks [airflow.jobs.scheduler_job_runner.SchedulerJobRunner] loc=scheduler_job_runner.py:516
airflow-scheduler-1  | 2026-09-29T12:00:36.432197955+01:00 2026-09-29T11:00:36.428975Z [info     ] Setting the following tasks to queued state:
airflow-scheduler-1  | 2026-09-29T12:00:36.432235576+01:00 	<TaskInstance: nyc_dag.download_citi_bike_data scheduled__2026-09-29T10:45:00+00:00 [scheduled]>
airflow-scheduler-1  | 2026-09-29T12:00:36.432241779+01:00 	<TaskInstance: nyc_dag.download_taxi_data scheduled__2026-09-29T10:45:00+00:00 [scheduled]> [airflow.jobs.scheduler_job_runner.SchedulerJobRunner] loc=scheduler_job_runner.py:655
airflow-scheduler-1  | 2026-09-29T12:00:36.617322749+01:00 2026-09-29T11:00:36.616013Z [info     ] Trying to enqueue tasks: [<TaskInstance: nyc_dag.download_citi_bike_data scheduled__2026-09-29T10:45:00+00:00 [scheduled]>, <TaskInstance: nyc_dag.download_taxi_data scheduled__2026-09-29T10:45:00+00:00 [scheduled]>] for executor: CeleryExecutor(parallelism=32) [airflow.jobs.scheduler_job_runner.SchedulerJobRunner] loc=scheduler_job_runner.py:740
minio_init-1         | 2026-09-29T12:00:37.303978667+01:00 mc: <ERROR> `config` is not a recognized command. Get help using `--help` flag. 
minio_init-1         | 2026-09-29T12:00:37.384201142+01:00 MinIO not up and running yet...
airflow-triggerer-1  | 2026-09-29T12:00:38.336311837+01:00 2026-09-29T11:00:37.602128Z [info     ] Triggerer's async thread was blocked for 0.25 seconds, likely by a badly-written trigger. Set PYTHONASYNCIODEBUG=1 to get more information on overrunning coroutines. [airflow.jobs.triggerer_job_runner] loc=triggerer_job_runner.py:735
minio_init-1         | 2026-09-29T12:00:38.927032070+01:00 mc: <ERROR> `config` is not a recognized command. Get help using `--help` flag. 
minio_init-1         | 2026-09-29T12:00:38.942156228+01:00 MinIO not up and running yet...
minio_init-1         | 2026-09-29T12:00:40.944631004+01:00 mc: <ERROR> `config` is not a recognized command. Get help using `--help` flag. 
minio_init-1         | 2026-09-29T12:00:41.193053988+01:00 MinIO not up and running yet...
minio_init-1         | 2026-09-29T12:00:42.780842330+01:00 mc: <ERROR> `config` is not a recognized command. Get help using `--help` flag. 
minio_init-1         | 2026-09-29T12:00:42.806046911+01:00 MinIO not up and running yet...
airflow-triggerer-1  | 2026-09-29T12:00:44.365958325+01:00 2026-09-29T11:00:44.352492Z [info     ] Triggerer's async thread was blocked for 0.31 seconds, likely by a badly-written trigger. Set PYTHONASYNCIODEBUG=1 to get more information on overrunning coroutines. [airflow.jobs.triggerer_job_runner] loc=triggerer_job_runner.py:735
airflow-scheduler-1  | 2026-09-29T12:00:44.941757380+01:00 2026-09-29T11:00:44.927955Z [error    ] Process timed out              [task] loc=timeout.py:37 pid=7
minio_init-1         | 2026-09-29T12:00:45.353745956+01:00 mc: <ERROR> `config` is not a recognized command. Get help using `--help` flag. 
minio_init-1         | 2026-09-29T12:00:45.409821635+01:00 MinIO not up and running yet...
airflow-apiserver-1  | 2026-09-29T12:00:46.149426983+01:00 INFO:     127.0.0.1:59814 - "GET /api/v2/version HTTP/1.1" 200 OK
airflow-scheduler-1  | 2026-09-29T12:00:46.514919498+01:00 127.0.0.1 - - [29/Sep/2026 11:00:46] code 503, message Service Unavailable
airflow-scheduler-1  | 2026-09-29T12:00:46.515468217+01:00 127.0.0.1 - - [29/Sep/2026 11:00:46] "GET /health HTTP/1.1" 503 -
minio_init-1         | 2026-09-29T12:00:47.017188383+01:00 mc: <ERROR> `config` is not a recognized command. Get help using `--help` flag. 
minio_init-1         | 2026-09-29T12:00:47.017938246+01:00 MinIO not up and running yet...
airflow-triggerer-1  | 2026-09-29T12:00:47.018099526+01:00 2026-09-29T11:00:45.213942Z [info     ] Triggerer's async thread was blocked for 0.31 seconds, likely by a badly-written trigger. Set PYTHONASYNCIODEBUG=1 to get more information on overrunning coroutines. [airflow.jobs.triggerer_job_runner] loc=triggerer_job_runner.py:735
airflow-triggerer-1  | 2026-09-29T12:00:47.021878697+01:00 2026-09-29T11:00:46.334587Z [info     ] Triggerer's async thread was blocked for 0.45 seconds, likely by a badly-written trigger. Set PYTHONASYNCIODEBUG=1 to get more information on overrunning coroutines. [airflow.jobs.triggerer_job_runner] loc=triggerer_job_runner.py:735
airflow-scheduler-1  | 2026-09-29T12:00:47.051437091+01:00 2026-09-29T11:00:47.035608Z [error    ] Process timed out              [task] loc=timeout.py:37 pid=7
airflow-scheduler-1  | 2026-09-29T12:00:48.293039345+01:00 2026-09-29T11:00:48.243451Z [info     ] [Try 1 of 3] Task Timeout Error for Task: (('nyc_dag', 'download_citi_bike_data', 'scheduled__2026-09-29T10:45:00+00:00', 1, -1)). [airflow.providers.celery.executors.celery_executor.CeleryExecutor] loc=celery_executor.py:368
airflow-scheduler-1  | 2026-09-29T12:00:48.306926474+01:00 2026-09-29T11:00:48.291823Z [info     ] [Try 1 of 3] Task Timeout Error for Task: (('nyc_dag', 'download_taxi_data', 'scheduled__2026-09-29T10:45:00+00:00', 1, -1)). [airflow.providers.celery.executors.celery_executor.CeleryExecutor] loc=celery_executor.py:368
minio_init-1         | 2026-09-29T12:00:48.999885146+01:00 mc: <ERROR> `config` is not a recognized command. Get help using `--help` flag. 
minio_init-1         | 2026-09-29T12:00:49.029896476+01:00 MinIO not up and running yet...
airflow-scheduler-1  | 2026-09-29T12:00:50.009532281+01:00 2026-09-29T11:00:49.863327Z [info     ] Heartbeat recovered after 53.75 seconds [airflow.jobs.job.Job] loc=job.py:253
airflow-triggerer-1  | 2026-09-29T12:00:50.342315884+01:00 2026-09-29T11:00:48.836949Z [info     ] Triggerer's async thread was blocked for 0.26 seconds, likely by a badly-written trigger. Set PYTHONASYNCIODEBUG=1 to get more information on overrunning coroutines. [airflow.jobs.triggerer_job_runner] loc=triggerer_job_runner.py:735
airflow-triggerer-1  | 2026-09-29T12:00:50.346076535+01:00 2026-09-29T11:00:49.529181Z [info     ] Triggerer's async thread was blocked for 0.30 seconds, likely by a badly-written trigger. Set PYTHONASYNCIODEBUG=1 to get more information on overrunning coroutines. [airflow.jobs.triggerer_job_runner] loc=triggerer_job_runner.py:735
minio_init-1         | 2026-09-29T12:00:50.559658297+01:00 mc: <ERROR> `config` is not a recognized command. Get help using `--help` flag. 
minio_init-1         | 2026-09-29T12:00:50.693750030+01:00 MinIO not up and running yet...
airflow-triggerer-1  | 2026-09-29T12:00:51.679849759+01:00 2026-09-29T11:00:50.440596Z [info     ] Triggerer's async thread was blocked for 0.33 seconds, likely by a badly-written trigger. Set PYTHONASYNCIODEBUG=1 to get more information on overrunning coroutines. [airflow.jobs.triggerer_job_runner] loc=triggerer_job_runner.py:735
airflow-triggerer-1  | 2026-09-29T12:00:51.682552283+01:00 2026-09-29T11:00:51.651813Z [info     ] Triggerer's async thread was blocked for 0.21 seconds, likely by a badly-written trigger. Set PYTHONASYNCIODEBUG=1 to get more information on overrunning coroutines. [airflow.jobs.triggerer_job_runner] loc=triggerer_job_runner.py:735
minio_init-1         | 2026-09-29T12:00:52.223012388+01:00 mc: <ERROR> `config` is not a recognized command. Get help using `--help` flag. 
minio_init-1         | 2026-09-29T12:00:52.270273982+01:00 MinIO not up and running yet...
minio_init-1         | 2026-09-29T12:00:54.027367493+01:00 mc: <ERROR> `config` is not a recognized command. Get help using `--help` flag. 
minio_init-1         | 2026-09-29T12:00:54.062508471+01:00 MinIO not up and running yet...
airflow-scheduler-1  | 2026-09-29T12:00:55.250718594+01:00 2026-09-29T11:00:55.224693Z [error    ] Process timed out              [task] loc=timeout.py:37 pid=7
minio_init-1         | 2026-09-29T12:00:55.825022473+01:00 mc: <ERROR> `config` is not a recognized command. Get help using `--help` flag. 
minio_init-1         | 2026-09-29T12:00:55.854646224+01:00 MinIO not up and running yet...
airflow-triggerer-1  | 2026-09-29T12:00:56.076721528+01:00 2026-09-29T11:00:54.601428Z [info     ] Triggerer's async thread was blocked for 0.28 seconds, likely by a badly-written trigger. Set PYTHONASYNCIODEBUG=1 to get more information on overrunning coroutines. [airflow.jobs.triggerer_job_runner] loc=triggerer_job_runner.py:735
airflow-scheduler-1  | 2026-09-29T12:00:57.093604252+01:00 2026-09-29T11:00:57.092382Z [error    ] Process timed out              [task] loc=timeout.py:37 pid=7
minio_init-1         | 2026-09-29T12:00:57.426097786+01:00 mc: <ERROR> `config` is not a recognized command. Get help using `--help` flag. 
minio_init-1         | 2026-09-29T12:00:57.529098685+01:00 MinIO not up and running yet...
airflow-scheduler-1  | 2026-09-29T12:00:58.171899774+01:00 2026-09-29T11:00:58.167524Z [info     ] [Try 2 of 3] Task Timeout Error for Task: (('nyc_dag', 'download_citi_bike_data', 'scheduled__2026-09-29T10:45:00+00:00', 1, -1)). [airflow.providers.celery.executors.celery_executor.CeleryExecutor] loc=celery_executor.py:368
airflow-scheduler-1  | 2026-09-29T12:00:58.171933288+01:00 2026-09-29T11:00:58.167979Z [info     ] [Try 2 of 3] Task Timeout Error for Task: (('nyc_dag', 'download_taxi_data', 'scheduled__2026-09-29T10:45:00+00:00', 1, -1)). [airflow.providers.celery.executors.celery_executor.CeleryExecutor] loc=celery_executor.py:368
minio_init-1         | 2026-09-29T12:00:58.840567779+01:00 mc: <ERROR> `config` is not a recognized command. Get help using `--help` flag. 
minio_init-1         | 2026-09-29T12:00:58.907547317+01:00 MinIO not up and running yet...
airflow-triggerer-1  | 2026-09-29T12:00:59.844664180+01:00 2026-09-29T11:00:57.395565Z [info     ] Triggerer's async thread was blocked for 0.24 seconds, likely by a badly-written trigger. Set PYTHONASYNCIODEBUG=1 to get more information on overrunning coroutines. [airflow.jobs.triggerer_job_runner] loc=triggerer_job_runner.py:735
airflow-triggerer-1  | 2026-09-29T12:01:00.058673605+01:00 2026-09-29T11:00:57.999793Z [info     ] Triggerer's async thread was blocked for 0.24 seconds, likely by a badly-written trigger. Set PYTHONASYNCIODEBUG=1 to get more information on overrunning coroutines. [airflow.jobs.triggerer_job_runner] loc=triggerer_job_runner.py:735
airflow-triggerer-1  | 2026-09-29T12:01:00.059102584+01:00 2026-09-29T11:00:58.844073Z [info     ] Triggerer's async thread was blocked for 0.21 seconds, likely by a badly-written trigger. Set PYTHONASYNCIODEBUG=1 to get more information on overrunning coroutines. [airflow.jobs.triggerer_job_runner] loc=triggerer_job_runner.py:735
airflow-triggerer-1  | 2026-09-29T12:01:00.059115489+01:00 2026-09-29T11:00:59.540696Z [info     ] Triggerer's async thread was blocked for 0.28 seconds, likely by a badly-written trigger. Set PYTHONASYNCIODEBUG=1 to get more information on overrunning coroutines. [airflow.jobs.triggerer_job_runner] loc=triggerer_job_runner.py:735
airflow-triggerer-1  | 2026-09-29T12:01:00.060518674+01:00 2026-09-29T11:00:59.785384Z [info     ] Triggerer's async thread was blocked for 0.24 seconds, likely by a badly-written trigger. Set PYTHONASYNCIODEBUG=1 to get more information on overrunning coroutines. [airflow.jobs.triggerer_job_runner] loc=triggerer_job_runner.py:735
minio_init-1         | 2026-09-29T12:01:00.322948944+01:00 mc: <ERROR> `config` is not a recognized command. Get help using `--help` flag. 
minio_init-1         | 2026-09-29T12:01:00.423177977+01:00 MinIO not up and running yet...
minio_init-1         | 2026-09-29T12:01:02.067425992+01:00 mc: <ERROR> `config` is not a recognized command. Get help using `--help` flag. 
minio_init-1         | 2026-09-29T12:01:02.089146061+01:00 MinIO not up and running yet...
minio_init-1         | 2026-09-29T12:01:03.481903404+01:00 mc: <ERROR> `config` is not a recognized command. Get help using `--help` flag. 
airflow-scheduler-1  | 2026-09-29T12:01:03.482173849+01:00 2026-09-29T11:01:03.420733Z [error    ] Process timed out              [task] loc=timeout.py:37 pid=7
minio_init-1         | 2026-09-29T12:01:03.497795068+01:00 MinIO not up and running yet...
airflow-triggerer-1  | 2026-09-29T12:01:03.637039618+01:00 2026-09-29T11:01:03.605023Z [info     ] Triggerer's async thread was blocked for 0.22 seconds, likely by a badly-written trigger. Set PYTHONASYNCIODEBUG=1 to get more information on overrunning coroutines. [airflow.jobs.triggerer_job_runner] loc=triggerer_job_runner.py:735
minio_init-1         | 2026-09-29T12:01:04.993167138+01:00 mc: <ERROR> `config` is not a recognized command. Get help using `--help` flag. 
minio_init-1         | 2026-09-29T12:01:04.998909815+01:00 MinIO not up and running yet...
airflow-triggerer-1  | 2026-09-29T12:01:05.201870330+01:00 2026-09-29T11:01:04.023298Z [info     ] Triggerer's async thread was blocked for 0.39 seconds, likely by a badly-written trigger. Set PYTHONASYNCIODEBUG=1 to get more information on overrunning coroutines. [airflow.jobs.triggerer_job_runner] loc=triggerer_job_runner.py:735
airflow-triggerer-1  | 2026-09-29T12:01:05.203513440+01:00 2026-09-29T11:01:04.658512Z [info     ] 0 triggers currently running   [airflow.jobs.triggerer_job_runner] loc=triggerer_job_runner.py:735
airflow-triggerer-1  | 2026-09-29T12:01:05.205764975+01:00 2026-09-29T11:01:04.658816Z [info     ] 0 watchers currently running   [airflow.jobs.triggerer_job_runner] loc=triggerer_job_runner.py:735
minio_init-1         | 2026-09-29T12:01:06.765088206+01:00 mc: <ERROR> `config` is not a recognized command. Get help using `--help` flag. 
minio_init-1         | 2026-09-29T12:01:06.804923501+01:00 MinIO not up and running yet...
airflow-scheduler-1  | 2026-09-29T12:01:07.566359198+01:00 2026-09-29T11:01:07.559808Z [error    ] Process timed out              [task] loc=timeout.py:37 pid=7
airflow-triggerer-1  | 2026-09-29T12:01:08.447855219+01:00 2026-09-29T11:01:07.903322Z [info     ] Triggerer's async thread was blocked for 0.40 seconds, likely by a badly-written trigger. Set PYTHONASYNCIODEBUG=1 to get more information on overrunning coroutines. [airflow.jobs.triggerer_job_runner] loc=triggerer_job_runner.py:735
minio_init-1         | 2026-09-29T12:01:08.636356544+01:00 mc: <ERROR> `config` is not a recognized command. Get help using `--help` flag. 
minio_init-1         | 2026-09-29T12:01:08.681530341+01:00 MinIO not up and running yet...
airflow-scheduler-1  | 2026-09-29T12:01:08.804557711+01:00 2026-09-29T11:01:08.789589Z [info     ] [Try 3 of 3] Task Timeout Error for Task: (('nyc_dag', 'download_citi_bike_data', 'scheduled__2026-09-29T10:45:00+00:00', 1, -1)). [airflow.providers.celery.executors.celery_executor.CeleryExecutor] loc=celery_executor.py:368
airflow-scheduler-1  | 2026-09-29T12:01:08.804601812+01:00 2026-09-29T11:01:08.790186Z [info     ] [Try 3 of 3] Task Timeout Error for Task: (('nyc_dag', 'download_taxi_data', 'scheduled__2026-09-29T10:45:00+00:00', 1, -1)). [airflow.providers.celery.executors.celery_executor.CeleryExecutor] loc=celery_executor.py:368
minio_init-1         | 2026-09-29T12:01:09.956672602+01:00 mc: <ERROR> `config` is not a recognized command. Get help using `--help` flag. 
minio_init-1         | 2026-09-29T12:01:10.070521082+01:00 MinIO not up and running yet...
airflow-triggerer-1  | 2026-09-29T12:01:11.094524817+01:00 2026-09-29T11:01:08.965599Z [info     ] Triggerer's async thread was blocked for 0.31 seconds, likely by a badly-written trigger. Set PYTHONASYNCIODEBUG=1 to get more information on overrunning coroutines. [airflow.jobs.triggerer_job_runner] loc=triggerer_job_runner.py:735
airflow-triggerer-1  | 2026-09-29T12:01:11.094572122+01:00 2026-09-29T11:01:09.747981Z [info     ] Triggerer's async thread was blocked for 0.32 seconds, likely by a badly-written trigger. Set PYTHONASYNCIODEBUG=1 to get more information on overrunning coroutines. [airflow.jobs.triggerer_job_runner] loc=triggerer_job_runner.py:735
minio_init-1         | 2026-09-29T12:01:11.579424442+01:00 mc: <ERROR> `config` is not a recognized command. Get help using `--help` flag. 
minio_init-1         | 2026-09-29T12:01:11.612151549+01:00 MinIO not up and running yet...
airflow-triggerer-1  | 2026-09-29T12:01:12.913122183+01:00 2026-09-29T11:01:11.353105Z [info     ] Triggerer's async thread was blocked for 0.20 seconds, likely by a badly-written trigger. Set PYTHONASYNCIODEBUG=1 to get more information on overrunning coroutines. [airflow.jobs.triggerer_job_runner] loc=triggerer_job_runner.py:735
airflow-triggerer-1  | 2026-09-29T12:01:12.930282155+01:00 2026-09-29T11:01:11.819411Z [info     ] Triggerer's async thread was blocked for 0.29 seconds, likely by a badly-written trigger. Set PYTHONASYNCIODEBUG=1 to get more information on overrunning coroutines. [airflow.jobs.triggerer_job_runner] loc=triggerer_job_runner.py:735
minio_init-1         | 2026-09-29T12:01:13.105605071+01:00 mc: <ERROR> `config` is not a recognized command. Get help using `--help` flag. 
minio_init-1         | 2026-09-29T12:01:13.148708045+01:00 MinIO not up and running yet...
minio_init-1         | 2026-09-29T12:01:14.857222862+01:00 mc: <ERROR> `config` is not a recognized command. Get help using `--help` flag. 
minio_init-1         | 2026-09-29T12:01:15.272503962+01:00 MinIO not up and running yet...
minio_init-1         | 2026-09-29T12:01:16.783663627+01:00 MinIO not up and running yet...
airflow-scheduler-1  | 2026-09-29T12:01:16.783726733+01:00 2026-09-29T11:01:16.118490Z [error    ] Process timed out              [task] loc=timeout.py:37 pid=7
minio_init-1         | 2026-09-29T12:01:16.793073326+01:00 mc: <ERROR> `config` is not a recognized command. Get help using `--help` flag. 
minio_init-1         | 2026-09-29T12:01:17.872708904+01:00 mc: <ERROR> `config` is not a recognized command. Get help using `--help` flag. 
minio_init-1         | 2026-09-29T12:01:17.872937326+01:00 MinIO not up and running yet...
airflow-scheduler-1  | 2026-09-29T12:01:18.135832823+01:00 2026-09-29T11:01:18.110638Z [error    ] Process timed out              [task] loc=timeout.py:37 pid=7
minio_init-1         | 2026-09-29T12:01:20.464668470+01:00 mc: <ERROR> `config` is not a recognized command. Get help using `--help` flag. 
minio_init-1         | 2026-09-29T12:01:20.466401108+01:00 MinIO not up and running yet...
airflow-scheduler-1  | 2026-09-29T12:01:21.855998921+01:00 2026-09-29T11:01:18.345518Z [error    ] Error sending Celery task: Timeout, PID: 7
airflow-scheduler-1  | 2026-09-29T12:01:21.900718720+01:00 Celery Task ID: TaskInstanceKey(dag_id='nyc_dag', task_id='download_citi_bike_data', run_id='scheduled__2026-09-29T10:45:00+00:00', try_number=1, map_index=-1)
airflow-scheduler-1  | 2026-09-29T12:01:21.900859319+01:00 Traceback (most recent call last):
airflow-scheduler-1  | 2026-09-29T12:01:21.900865219+01:00   File "/home/airflow/.local/lib/python3.12/site-packages/kombu/utils/functional.py", line 32, in __call__
airflow-scheduler-1  | 2026-09-29T12:01:21.900870518+01:00     return self.__value__
airflow-scheduler-1  | 2026-09-29T12:01:21.900874418+01:00            ^^^^^^^^^^^^^^
airflow-scheduler-1  | 2026-09-29T12:01:21.900878518+01:00 AttributeError: 'ChannelPromise' object has no attribute '__value__'. Did you mean: '__call__'?
airflow-scheduler-1  | 2026-09-29T12:01:21.900882618+01:00 
airflow-scheduler-1  | 2026-09-29T12:01:21.900886618+01:00 During handling of the above exception, another exception occurred:
airflow-scheduler-1  | 2026-09-29T12:01:21.900890218+01:00 
airflow-scheduler-1  | 2026-09-29T12:01:21.900893818+01:00 Traceback (most recent call last):
airflow-scheduler-1  | 2026-09-29T12:01:21.900897618+01:00   File "/home/airflow/.local/lib/python3.12/site-packages/kombu/transport/virtual/base.py", line 951, in create_channel
airflow-scheduler-1  | 2026-09-29T12:01:21.900901118+01:00     return self._avail_channels.pop()
airflow-scheduler-1  | 2026-09-29T12:01:21.900904018+01:00            ^^^^^^^^^^^^^^^^^^^^^^^^^^
airflow-scheduler-1  | 2026-09-29T12:01:21.900907118+01:00 IndexError: pop from empty list
airflow-scheduler-1  | 2026-09-29T12:01:21.900909818+01:00 
airflow-scheduler-1  | 2026-09-29T12:01:21.900912718+01:00 During handling of the above exception, another exception occurred:
airflow-scheduler-1  | 2026-09-29T12:01:21.900915918+01:00 
airflow-scheduler-1  | 2026-09-29T12:01:21.900918718+01:00 Traceback (most recent call last):
airflow-scheduler-1  | 2026-09-29T12:01:21.900922118+01:00   File "/home/airflow/.local/lib/python3.12/site-packages/airflow/providers/celery/executors/celery_executor_utils.py", line 274, in send_task_to_executor
airflow-scheduler-1  | 2026-09-29T12:01:21.900925518+01:00     result = task_to_run.apply_async(args=args, queue=queue)
airflow-scheduler-1  | 2026-09-29T12:01:21.900928318+01:00              ^^^^^^^^^^^^^^^^^^^^^^^^^^^^^^^^^^^^^^^^^^^^^^^
airflow-scheduler-1  | 2026-09-29T12:01:21.900931718+01:00   File "/home/airflow/.local/lib/python3.12/site-packages/celery/app/task.py", line 601, in apply_async
airflow-scheduler-1  | 2026-09-29T12:01:21.900934918+01:00     return app.send_task(
airflow-scheduler-1  | 2026-09-29T12:01:21.900938018+01:00            ^^^^^^^^^^^^^^
airflow-scheduler-1  | 2026-09-29T12:01:21.900941018+01:00   File "/home/airflow/.local/lib/python3.12/site-packages/celery/app/base.py", line 930, in send_task
airflow-scheduler-1  | 2026-09-29T12:01:21.900944918+01:00     amqp.send_task_message(P, name, message, **options)
airflow-scheduler-1  | 2026-09-29T12:01:21.900947918+01:00   File "/home/airflow/.local/lib/python3.12/site-packages/celery/app/amqp.py", line 523, in send_task_message
airflow-scheduler-1  | 2026-09-29T12:01:21.900950418+01:00     ret = producer.publish(
airflow-scheduler-1  | 2026-09-29T12:01:21.900953518+01:00           ^^^^^^^^^^^^^^^^^
airflow-scheduler-1  | 2026-09-29T12:01:21.900956418+01:00   File "/home/airflow/.local/lib/python3.12/site-packages/kombu/messaging.py", line 190, in publish
airflow-scheduler-1  | 2026-09-29T12:01:21.900961218+01:00     return _publish(
airflow-scheduler-1  | 2026-09-29T12:01:21.900964118+01:00            ^^^^^^^^^
airflow-scheduler-1  | 2026-09-29T12:01:21.900967118+01:00   File "/home/airflow/.local/lib/python3.12/site-packages/kombu/connection.py", line 556, in _ensured
airflow-scheduler-1  | 2026-09-29T12:01:21.900970618+01:00     return fun(*args, **kwargs)
airflow-scheduler-1  | 2026-09-29T12:01:21.900973318+01:00            ^^^^^^^^^^^^^^^^^^^^
airflow-scheduler-1  | 2026-09-29T12:01:21.900976518+01:00   File "/home/airflow/.local/lib/python3.12/site-packages/kombu/messaging.py", line 200, in _publish
airflow-scheduler-1  | 2026-09-29T12:01:21.900984718+01:00     channel = self.channel
airflow-scheduler-1  | 2026-09-29T12:01:21.900988318+01:00               ^^^^^^^^^^^^
airflow-scheduler-1  | 2026-09-29T12:01:21.900992018+01:00   File "/home/airflow/.local/lib/python3.12/site-packages/kombu/messaging.py", line 224, in _get_channel
airflow-scheduler-1  | 2026-09-29T12:01:21.900995218+01:00     channel = self._channel = channel()
airflow-scheduler-1  | 2026-09-29T12:01:21.900998018+01:00                               ^^^^^^^^^
airflow-scheduler-1  | 2026-09-29T12:01:21.901001218+01:00   File "/home/airflow/.local/lib/python3.12/site-packages/kombu/utils/functional.py", line 34, in __call__
airflow-scheduler-1  | 2026-09-29T12:01:21.901004018+01:00     value = self.__value__ = self.__contract__()
airflow-scheduler-1  | 2026-09-29T12:01:21.901006818+01:00                              ^^^^^^^^^^^^^^^^^^^
airflow-scheduler-1  | 2026-09-29T12:01:21.901009918+01:00   File "/home/airflow/.local/lib/python3.12/site-packages/kombu/messaging.py", line 240, in <lambda>
airflow-scheduler-1  | 2026-09-29T12:01:21.901012818+01:00     channel = ChannelPromise(lambda: connection.default_channel)
airflow-scheduler-1  | 2026-09-29T12:01:21.901015718+01:00                                      ^^^^^^^^^^^^^^^^^^^^^^^^^^
airflow-scheduler-1  | 2026-09-29T12:01:21.901019017+01:00   File "/home/airflow/.local/lib/python3.12/site-packages/kombu/connection.py", line 957, in default_channel
airflow-scheduler-1  | 2026-09-29T12:01:21.901021917+01:00     self._ensure_connection(**conn_opts)
airflow-scheduler-1  | 2026-09-29T12:01:21.901024717+01:00   File "/home/airflow/.local/lib/python3.12/site-packages/kombu/connection.py", line 459, in _ensure_connection
airflow-scheduler-1  | 2026-09-29T12:01:21.901027717+01:00     return retry_over_time(
airflow-scheduler-1  | 2026-09-29T12:01:21.901031017+01:00            ^^^^^^^^^^^^^^^^
airflow-scheduler-1  | 2026-09-29T12:01:21.901033917+01:00   File "/home/airflow/.local/lib/python3.12/site-packages/kombu/utils/functional.py", line 318, in retry_over_time
airflow-scheduler-1  | 2026-09-29T12:01:21.901037017+01:00     return fun(*args, **kwargs)
airflow-scheduler-1  | 2026-09-29T12:01:21.901039917+01:00            ^^^^^^^^^^^^^^^^^^^^
airflow-scheduler-1  | 2026-09-29T12:01:21.901042817+01:00   File "/home/airflow/.local/lib/python3.12/site-packages/kombu/connection.py", line 938, in _connection_factory
airflow-scheduler-1  | 2026-09-29T12:01:21.901045717+01:00     self._connection = self._establish_connection()
airflow-scheduler-1  | 2026-09-29T12:01:21.901048417+01:00                        ^^^^^^^^^^^^^^^^^^^^^^^^^^^^
airflow-scheduler-1  | 2026-09-29T12:01:21.901051317+01:00   File "/home/airflow/.local/lib/python3.12/site-packages/kombu/connection.py", line 860, in _establish_connection
airflow-scheduler-1  | 2026-09-29T12:01:21.901054117+01:00     conn = self.transport.establish_connection()
airflow-scheduler-1  | 2026-09-29T12:01:21.901056817+01:00            ^^^^^^^^^^^^^^^^^^^^^^^^^^^^^^^^^^^^^
airflow-scheduler-1  | 2026-09-29T12:01:21.901059717+01:00   File "/home/airflow/.local/lib/python3.12/site-packages/kombu/transport/virtual/base.py", line 975, in establish_connection
airflow-scheduler-1  | 2026-09-29T12:01:21.901062817+01:00     self._avail_channels.append(self.create_channel(self))
airflow-scheduler-1  | 2026-09-29T12:01:21.901072017+01:00                                 ^^^^^^^^^^^^^^^^^^^^^^^^^
airflow-scheduler-1  | 2026-09-29T12:01:21.901075417+01:00   File "/home/airflow/.local/lib/python3.12/site-packages/kombu/transport/virtual/base.py", line 953, in create_channel
airflow-scheduler-1  | 2026-09-29T12:01:21.901078417+01:00     channel = self.Channel(connection)
airflow-scheduler-1  | 2026-09-29T12:01:21.901081717+01:00               ^^^^^^^^^^^^^^^^^^^^^^^^
airflow-scheduler-1  | 2026-09-29T12:01:21.901085017+01:00   File "/home/airflow/.local/lib/python3.12/site-packages/kombu/transport/redis.py", line 751, in __init__
airflow-scheduler-1  | 2026-09-29T12:01:21.901090117+01:00     self.client.ping()
airflow-scheduler-1  | 2026-09-29T12:01:21.901093917+01:00   File "/home/airflow/.local/lib/python3.12/site-packages/redis/commands/core.py", line 1212, in ping
airflow-scheduler-1  | 2026-09-29T12:01:21.901097017+01:00     return self.execute_command("PING", **kwargs)
airflow-scheduler-1  | 2026-09-29T12:01:21.901100417+01:00            ^^^^^^^^^^^^^^^^^^^^^^^^^^^^^^^^^^^^^^
airflow-scheduler-1  | 2026-09-29T12:01:21.901103317+01:00   File "/home/airflow/.local/lib/python3.12/site-packages/redis/client.py", line 559, in execute_command
airflow-scheduler-1  | 2026-09-29T12:01:21.901106117+01:00     return self._execute_command(*args, **options)
airflow-scheduler-1  | 2026-09-29T12:01:21.901109017+01:00            ^^^^^^^^^^^^^^^^^^^^^^^^^^^^^^^^^^^^^^^
airflow-scheduler-1  | 2026-09-29T12:01:21.901112117+01:00   File "/home/airflow/.local/lib/python3.12/site-packages/redis/client.py", line 565, in _execute_command
airflow-scheduler-1  | 2026-09-29T12:01:21.901118517+01:00     conn = self.connection or pool.get_connection(command_name, **options)
airflow-scheduler-1  | 2026-09-29T12:01:21.901121917+01:00                               ^^^^^^^^^^^^^^^^^^^^^^^^^^^^^^^^^^^^^^^^^^^^
airflow-scheduler-1  | 2026-09-29T12:01:21.901124917+01:00   File "/home/airflow/.local/lib/python3.12/site-packages/redis/connection.py", line 1410, in get_connection
airflow-scheduler-1  | 2026-09-29T12:01:21.901127917+01:00     def get_connection(self, command_name: str, *keys, **options) -> "Connection":
airflow-scheduler-1  | 2026-09-29T12:01:21.901131217+01:00     
airflow-scheduler-1  | 2026-09-29T12:01:21.901134217+01:00   File "/home/airflow/.local/lib/python3.12/site-packages/airflow/sdk/execution_time/timeout.py", line 38, in handle_timeout
airflow-scheduler-1  | 2026-09-29T12:01:21.901138017+01:00     raise AirflowTaskTimeout(self.error_message)
airflow-scheduler-1  | 2026-09-29T12:01:21.901141017+01:00 airflow.exceptions.AirflowTaskTimeout: Timeout, PID: 7
airflow-scheduler-1  | 2026-09-29T12:01:21.901143817+01:00 
airflow-scheduler-1  | 2026-09-29T12:01:21.901146917+01:00  [airflow.providers.celery.executors.celery_executor.CeleryExecutor] loc=celery_executor.py:379
airflow-scheduler-1  | 2026-09-29T12:01:21.901150217+01:00 2026-09-29T11:01:18.346203Z [error    ] Error sending Celery task: Timeout, PID: 7
airflow-scheduler-1  | 2026-09-29T12:01:21.901153517+01:00 Celery Task ID: TaskInstanceKey(dag_id='nyc_dag', task_id='download_taxi_data', run_id='scheduled__2026-09-29T10:45:00+00:00', try_number=1, map_index=-1)
airflow-scheduler-1  | 2026-09-29T12:01:21.901156617+01:00 Traceback (most recent call last):
airflow-scheduler-1  | 2026-09-29T12:01:21.901159717+01:00   File "/home/airflow/.local/lib/python3.12/site-packages/kombu/utils/functional.py", line 32, in __call__
airflow-scheduler-1  | 2026-09-29T12:01:21.901163017+01:00     return self.__value__
airflow-scheduler-1  | 2026-09-29T12:01:21.901166516+01:00            ^^^^^^^^^^^^^^
airflow-scheduler-1  | 2026-09-29T12:01:21.901169416+01:00 AttributeError: 'ChannelPromise' object has no attribute '__value__'. Did you mean: '__call__'?
airflow-scheduler-1  | 2026-09-29T12:01:21.901172016+01:00 
airflow-scheduler-1  | 2026-09-29T12:01:21.901174816+01:00 During handling of the above exception, another exception occurred:
airflow-scheduler-1  | 2026-09-29T12:01:21.901177616+01:00 
airflow-scheduler-1  | 2026-09-29T12:01:21.901181016+01:00 Traceback (most recent call last):
airflow-scheduler-1  | 2026-09-29T12:01:21.901184116+01:00   File "/home/airflow/.local/lib/python3.12/site-packages/kombu/transport/virtual/base.py", line 951, in create_channel
airflow-scheduler-1  | 2026-09-29T12:01:21.901187116+01:00     return self._avail_channels.pop()
airflow-scheduler-1  | 2026-09-29T12:01:21.901190016+01:00            ^^^^^^^^^^^^^^^^^^^^^^^^^^
airflow-scheduler-1  | 2026-09-29T12:01:21.901193116+01:00 IndexError: pop from empty list
airflow-scheduler-1  | 2026-09-29T12:01:21.901198416+01:00 
airflow-scheduler-1  | 2026-09-29T12:01:21.901201716+01:00 During handling of the above exception, another exception occurred:
airflow-scheduler-1  | 2026-09-29T12:01:21.901204616+01:00 
airflow-scheduler-1  | 2026-09-29T12:01:21.901207516+01:00 Traceback (most recent call last):
airflow-scheduler-1  | 2026-09-29T12:01:21.901210516+01:00   File "/home/airflow/.local/lib/python3.12/site-packages/airflow/providers/celery/executors/celery_executor_utils.py", line 274, in send_task_to_executor
airflow-scheduler-1  | 2026-09-29T12:01:21.901213416+01:00     result = task_to_run.apply_async(args=args, queue=queue)
airflow-scheduler-1  | 2026-09-29T12:01:21.901216316+01:00              ^^^^^^^^^^^^^^^^^^^^^^^^^^^^^^^^^^^^^^^^^^^^^^^
airflow-scheduler-1  | 2026-09-29T12:01:21.901219416+01:00   File "/home/airflow/.local/lib/python3.12/site-packages/celery/app/task.py", line 601, in apply_async
airflow-scheduler-1  | 2026-09-29T12:01:21.901222416+01:00     return app.send_task(
airflow-scheduler-1  | 2026-09-29T12:01:21.901225616+01:00            ^^^^^^^^^^^^^^
airflow-scheduler-1  | 2026-09-29T12:01:21.901228516+01:00   File "/home/airflow/.local/lib/python3.12/site-packages/celery/app/base.py", line 930, in send_task
airflow-scheduler-1  | 2026-09-29T12:01:21.901231016+01:00     amqp.send_task_message(P, name, message, **options)
airflow-scheduler-1  | 2026-09-29T12:01:21.901233916+01:00   File "/home/airflow/.local/lib/python3.12/site-packages/celery/app/amqp.py", line 523, in send_task_message
airflow-scheduler-1  | 2026-09-29T12:01:21.901236716+01:00     ret = producer.publish(
airflow-scheduler-1  | 2026-09-29T12:01:21.901239716+01:00           ^^^^^^^^^^^^^^^^^
airflow-scheduler-1  | 2026-09-29T12:01:21.901242716+01:00   File "/home/airflow/.local/lib/python3.12/site-packages/kombu/messaging.py", line 190, in publish
airflow-scheduler-1  | 2026-09-29T12:01:21.901245516+01:00     return _publish(
airflow-scheduler-1  | 2026-09-29T12:01:21.901248016+01:00            ^^^^^^^^^
airflow-scheduler-1  | 2026-09-29T12:01:21.901251116+01:00   File "/home/airflow/.local/lib/python3.12/site-packages/kombu/connection.py", line 556, in _ensured
airflow-scheduler-1  | 2026-09-29T12:01:21.901254016+01:00     return fun(*args, **kwargs)
airflow-scheduler-1  | 2026-09-29T12:01:21.901256816+01:00            ^^^^^^^^^^^^^^^^^^^^
airflow-scheduler-1  | 2026-09-29T12:01:21.901261316+01:00   File "/home/airflow/.local/lib/python3.12/site-packages/kombu/messaging.py", line 200, in _publish
airflow-scheduler-1  | 2026-09-29T12:01:21.901264116+01:00     channel = self.channel
airflow-scheduler-1  | 2026-09-29T12:01:21.901266816+01:00               ^^^^^^^^^^^^
airflow-scheduler-1  | 2026-09-29T12:01:21.901272316+01:00   File "/home/airflow/.local/lib/python3.12/site-packages/kombu/messaging.py", line 224, in _get_channel
airflow-scheduler-1  | 2026-09-29T12:01:21.901275216+01:00     channel = self._channel = channel()
airflow-scheduler-1  | 2026-09-29T12:01:21.901278016+01:00                               ^^^^^^^^^
airflow-scheduler-1  | 2026-09-29T12:01:21.901281016+01:00   File "/home/airflow/.local/lib/python3.12/site-packages/kombu/utils/functional.py", line 34, in __call__
airflow-scheduler-1  | 2026-09-29T12:01:21.901284116+01:00     value = self.__value__ = self.__contract__()
airflow-scheduler-1  | 2026-09-29T12:01:21.901287316+01:00                              ^^^^^^^^^^^^^^^^^^^
airflow-scheduler-1  | 2026-09-29T12:01:21.901290916+01:00   File "/home/airflow/.local/lib/python3.12/site-packages/kombu/messaging.py", line 240, in <lambda>
airflow-scheduler-1  | 2026-09-29T12:01:21.901293716+01:00     channel = ChannelPromise(lambda: connection.default_channel)
airflow-scheduler-1  | 2026-09-29T12:01:21.901297116+01:00                                      ^^^^^^^^^^^^^^^^^^^^^^^^^^
airflow-scheduler-1  | 2026-09-29T12:01:21.901300416+01:00   File "/home/airflow/.local/lib/python3.12/site-packages/kombu/connection.py", line 957, in default_channel
airflow-scheduler-1  | 2026-09-29T12:01:21.901306116+01:00     self._ensure_connection(**conn_opts)
airflow-scheduler-1  | 2026-09-29T12:01:21.901309016+01:00   File "/home/airflow/.local/lib/python3.12/site-packages/kombu/connection.py", line 459, in _ensure_connection
airflow-scheduler-1  | 2026-09-29T12:01:21.901311816+01:00     return retry_over_time(
airflow-scheduler-1  | 2026-09-29T12:01:21.901314615+01:00            ^^^^^^^^^^^^^^^^
airflow-scheduler-1  | 2026-09-29T12:01:21.901317515+01:00   File "/home/airflow/.local/lib/python3.12/site-packages/kombu/utils/functional.py", line 318, in retry_over_time
airflow-scheduler-1  | 2026-09-29T12:01:21.901397215+01:00     return fun(*args, **kwargs)
airflow-scheduler-1  | 2026-09-29T12:01:21.901411315+01:00            ^^^^^^^^^^^^^^^^^^^^
airflow-scheduler-1  | 2026-09-29T12:01:21.901415215+01:00   File "/home/airflow/.local/lib/python3.12/site-packages/kombu/connection.py", line 938, in _connection_factory
airflow-scheduler-1  | 2026-09-29T12:01:21.901419315+01:00     self._connection = self._establish_connection()
airflow-scheduler-1  | 2026-09-29T12:01:21.901423015+01:00                        ^^^^^^^^^^^^^^^^^^^^^^^^^^^^
airflow-scheduler-1  | 2026-09-29T12:01:21.901426115+01:00   File "/home/airflow/.local/lib/python3.12/site-packages/kombu/connection.py", line 860, in _establish_connection
airflow-scheduler-1  | 2026-09-29T12:01:21.901429015+01:00     conn = self.transport.establish_connection()
airflow-scheduler-1  | 2026-09-29T12:01:21.901432615+01:00            ^^^^^^^^^^^^^^^^^^^^^^^^^^^^^^^^^^^^^
airflow-scheduler-1  | 2026-09-29T12:01:21.901435415+01:00   File "/home/airflow/.local/lib/python3.12/site-packages/kombu/transport/virtual/base.py", line 975, in establish_connection
airflow-scheduler-1  | 2026-09-29T12:01:21.901438815+01:00     self._avail_channels.append(self.create_channel(self))
airflow-scheduler-1  | 2026-09-29T12:01:21.901441615+01:00                                 ^^^^^^^^^^^^^^^^^^^^^^^^^
airflow-scheduler-1  | 2026-09-29T12:01:21.901444915+01:00   File "/home/airflow/.local/lib/python3.12/site-packages/kombu/transport/virtual/base.py", line 953, in create_channel
airflow-scheduler-1  | 2026-09-29T12:01:21.901448015+01:00     channel = self.Channel(connection)
airflow-scheduler-1  | 2026-09-29T12:01:21.901451115+01:00               ^^^^^^^^^^^^^^^^^^^^^^^^
airflow-scheduler-1  | 2026-09-29T12:01:21.901463214+01:00   File "/home/airflow/.local/lib/python3.12/site-packages/kombu/transport/redis.py", line 751, in __init__
airflow-scheduler-1  | 2026-09-29T12:01:21.901466814+01:00     self.client.ping()
airflow-scheduler-1  | 2026-09-29T12:01:21.901470114+01:00   File "/home/airflow/.local/lib/python3.12/site-packages/redis/commands/core.py", line 1212, in ping
airflow-scheduler-1  | 2026-09-29T12:01:21.901473514+01:00     return self.execute_command("PING", **kwargs)
airflow-scheduler-1  | 2026-09-29T12:01:21.901476414+01:00            ^^^^^^^^^^^^^^^^^^^^^^^^^^^^^^^^^^^^^^
airflow-scheduler-1  | 2026-09-29T12:01:21.901479314+01:00   File "/home/airflow/.local/lib/python3.12/site-packages/redis/client.py", line 559, in execute_command
airflow-scheduler-1  | 2026-09-29T12:01:21.901482414+01:00     return self._execute_command(*args, **options)
airflow-scheduler-1  | 2026-09-29T12:01:21.901485114+01:00            ^^^^^^^^^^^^^^^^^^^^^^^^^^^^^^^^^^^^^^^
airflow-scheduler-1  | 2026-09-29T12:01:21.901488214+01:00   File "/home/airflow/.local/lib/python3.12/site-packages/redis/client.py", line 565, in _execute_command
airflow-scheduler-1  | 2026-09-29T12:01:21.901491214+01:00     conn = self.connection or pool.get_connection(command_name, **options)
airflow-scheduler-1  | 2026-09-29T12:01:21.901495814+01:00                               ^^^^^^^^^^^^^^^^^^^^^^^^^^^^^^^^^^^^^^^^^^^^
airflow-scheduler-1  | 2026-09-29T12:01:21.901498714+01:00   File "/home/airflow/.local/lib/python3.12/site-packages/redis/connection.py", line 1422, in get_connection
airflow-scheduler-1  | 2026-09-29T12:01:21.901505414+01:00     connection.connect()
airflow-scheduler-1  | 2026-09-29T12:01:21.901509214+01:00   File "/home/airflow/.local/lib/python3.12/site-packages/redis/connection.py", line 357, in connect
airflow-scheduler-1  | 2026-09-29T12:01:21.901512314+01:00     sock = self.retry.call_with_retry(
airflow-scheduler-1  | 2026-09-29T12:01:21.901515414+01:00            ^^^^^^^^^^^^^^^^^^^^^^^^^^^
airflow-scheduler-1  | 2026-09-29T12:01:21.901518214+01:00   File "/home/airflow/.local/lib/python3.12/site-packages/redis/retry.py", line 62, in call_with_retry
airflow-scheduler-1  | 2026-09-29T12:01:21.901521614+01:00     return do()
airflow-scheduler-1  | 2026-09-29T12:01:21.901524814+01:00            ^^^^
airflow-scheduler-1  | 2026-09-29T12:01:21.901527714+01:00   File "/home/airflow/.local/lib/python3.12/site-packages/redis/connection.py", line 358, in <lambda>
airflow-scheduler-1  | 2026-09-29T12:01:21.901533214+01:00     lambda: self._connect(), lambda error: self.disconnect(error)
airflow-scheduler-1  | 2026-09-29T12:01:21.901536914+01:00             ^^^^^^^^^^^^^^^
airflow-scheduler-1  | 2026-09-29T12:01:21.901539914+01:00   File "/home/airflow/.local/lib/python3.12/site-packages/redis/connection.py", line 698, in _connect
airflow-scheduler-1  | 2026-09-29T12:01:21.901542914+01:00     for res in socket.getaddrinfo(
airflow-scheduler-1  | 2026-09-29T12:01:21.901546214+01:00                ^^^^^^^^^^^^^^^^^^^
airflow-scheduler-1  | 2026-09-29T12:01:21.901549014+01:00   File "/usr/python/lib/python3.12/socket.py", line 978, in getaddrinfo
airflow-scheduler-1  | 2026-09-29T12:01:21.901552014+01:00     for res in _socket.getaddrinfo(host, port, family, type, proto, flags):
airflow-scheduler-1  | 2026-09-29T12:01:21.901554814+01:00                ^^^^^^^^^^^^^^^^^^^^^^^^^^^^^^^^^^^^^^^^^^^^^^^^^^^^^^^^^^^
airflow-scheduler-1  | 2026-09-29T12:01:21.901557814+01:00   File "/home/airflow/.local/lib/python3.12/site-packages/airflow/sdk/execution_time/timeout.py", line 38, in handle_timeout
airflow-scheduler-1  | 2026-09-29T12:01:21.901560714+01:00     raise AirflowTaskTimeout(self.error_message)
airflow-scheduler-1  | 2026-09-29T12:01:21.901564114+01:00 airflow.exceptions.AirflowTaskTimeout: Timeout, PID: 7
airflow-scheduler-1  | 2026-09-29T12:01:21.901567214+01:00 
airflow-scheduler-1  | 2026-09-29T12:01:21.901570814+01:00  [airflow.providers.celery.executors.celery_executor.CeleryExecutor] loc=celery_executor.py:379
airflow-triggerer-1  | 2026-09-29T12:01:22.051923991+01:00 2026-09-29T11:01:21.865438Z [info     ] Triggerer's async thread was blocked for 0.37 seconds, likely by a badly-written trigger. Set PYTHONASYNCIODEBUG=1 to get more information on overrunning coroutines. [airflow.jobs.triggerer_job_runner] loc=triggerer_job_runner.py:735
airflow-scheduler-1  | 2026-09-29T12:01:22.054513073+01:00 2026-09-29T11:01:21.903954Z [info     ] Received executor event with state failed for task instance TaskInstanceKey(dag_id='nyc_dag', task_id='download_citi_bike_data', run_id='scheduled__2026-09-29T10:45:00+00:00', try_number=1, map_index=-1) [airflow.jobs.scheduler_job_runner.SchedulerJobRunner] loc=scheduler_job_runner.py:818
airflow-scheduler-1  | 2026-09-29T12:01:22.054555072+01:00 2026-09-29T11:01:22.006001Z [info     ] Received executor event with state failed for task instance TaskInstanceKey(dag_id='nyc_dag', task_id='download_taxi_data', run_id='scheduled__2026-09-29T10:45:00+00:00', try_number=1, map_index=-1) [airflow.jobs.scheduler_job_runner.SchedulerJobRunner] loc=scheduler_job_runner.py:818
minio_init-1         | 2026-09-29T12:01:22.620647156+01:00 mc: <ERROR> `config` is not a recognized command. Get help using `--help` flag. 
airflow-triggerer-1  | 2026-09-29T12:01:22.626062818+01:00 2026-09-29T11:01:22.213615Z [info     ] Triggerer's async thread was blocked for 0.35 seconds, likely by a badly-written trigger. Set PYTHONASYNCIODEBUG=1 to get more information on overrunning coroutines. [airflow.jobs.triggerer_job_runner] loc=triggerer_job_runner.py:735
minio_init-1         | 2026-09-29T12:01:22.626120918+01:00 MinIO not up and running yet...
airflow-apiserver-1  | 2026-09-29T12:01:22.875184295+01:00 INFO:     127.0.0.1:34006 - "GET /api/v2/version HTTP/1.1" 200 OK
airflow-scheduler-1  | 2026-09-29T12:01:22.899191429+01:00 127.0.0.1 - - [29/Sep/2026 11:01:22] "GET /health HTTP/1.1" 200 -
airflow-triggerer-1  | 2026-09-29T12:01:23.226946429+01:00 2026-09-29T11:01:22.688949Z [info     ] Triggerer's async thread was blocked for 0.20 seconds, likely by a badly-written trigger. Set PYTHONASYNCIODEBUG=1 to get more information on overrunning coroutines. [airflow.jobs.triggerer_job_runner] loc=triggerer_job_runner.py:735
airflow-triggerer-1  | 2026-09-29T12:01:23.227335926+01:00 2026-09-29T11:01:23.006874Z [info     ] Triggerer's async thread was blocked for 0.23 seconds, likely by a badly-written trigger. Set PYTHONASYNCIODEBUG=1 to get more information on overrunning coroutines. [airflow.jobs.triggerer_job_runner] loc=triggerer_job_runner.py:735
minio_init-1         | 2026-09-29T12:01:24.357761596+01:00 mc: <ERROR> `config` is not a recognized command. Get help using `--help` flag. 
minio_init-1         | 2026-09-29T12:01:24.393090442+01:00 MinIO not up and running yet...
airflow-triggerer-1  | 2026-09-29T12:01:24.836336655+01:00 2026-09-29T11:01:24.139538Z [info     ] Triggerer's async thread was blocked for 0.23 seconds, likely by a badly-written trigger. Set PYTHONASYNCIODEBUG=1 to get more information on overrunning coroutines. [airflow.jobs.triggerer_job_runner] loc=triggerer_job_runner.py:735
airflow-triggerer-1  | 2026-09-29T12:01:25.437758382+01:00 2026-09-29T11:01:25.121189Z [info     ] Triggerer's async thread was blocked for 0.23 seconds, likely by a badly-written trigger. Set PYTHONASYNCIODEBUG=1 to get more information on overrunning coroutines. [airflow.jobs.triggerer_job_runner] loc=triggerer_job_runner.py:735
airflow-scheduler-1  | 2026-09-29T12:01:25.725807479+01:00 2026-09-29T11:01:25.481194Z [info     ] TaskInstance Finished: dag_id=nyc_dag, task_id=download_citi_bike_data, run_id=scheduled__2026-09-29T10:45:00+00:00, map_index=-1, run_start_date=None, run_end_date=None, run_duration=None, state=queued, executor=CeleryExecutor(parallelism=32), executor_state=failed, try_number=1, max_tries=0, pool=default_pool, queue=default, priority_weight=3, operator=PythonOperator, queued_dttm=2026-09-29 11:00:36.430858+00:00, scheduled_dttm=2026-09-29 11:00:32.715777+00:00,queued_by_job_id=4, pid=None [airflow.jobs.scheduler_job_runner.SchedulerJobRunner] loc=scheduler_job_runner.py:864
minio_init-1         | 2026-09-29T12:01:26.085183247+01:00 mc: <ERROR> `config` is not a recognized command. Get help using `--help` flag. 
minio_init-1         | 2026-09-29T12:01:26.096436063+01:00 MinIO not up and running yet...
airflow-triggerer-1  | 2026-09-29T12:01:26.363028991+01:00 2026-09-29T11:01:25.637347Z [info     ] Triggerer's async thread was blocked for 0.29 seconds, likely by a badly-written trigger. Set PYTHONASYNCIODEBUG=1 to get more information on overrunning coroutines. [airflow.jobs.triggerer_job_runner] loc=triggerer_job_runner.py:735
airflow-scheduler-1  | 2026-09-29T12:01:26.635007078+01:00 2026-09-29T11:01:26.576963Z [error    ] Executor CeleryExecutor(parallelism=32) reported that the task instance <TaskInstance: nyc_dag.download_citi_bike_data scheduled__2026-09-29T10:45:00+00:00 [queued]> finished with state failed, but the task instance's state attribute is queued. Learn more: https://airflow.apache.org/docs/apache-airflow/stable/troubleshooting.html#task-state-changed-externally [airflow.task] loc=taskinstance.py:1505
minio_init-1         | 2026-09-29T12:01:27.495693352+01:00 mc: <ERROR> `config` is not a recognized command. Get help using `--help` flag. 
minio_init-1         | 2026-09-29T12:01:27.559939302+01:00 MinIO not up and running yet...
airflow-triggerer-1  | 2026-09-29T12:01:27.613116351+01:00 2026-09-29T11:01:26.558598Z [info     ] Triggerer's async thread was blocked for 0.28 seconds, likely by a badly-written trigger. Set PYTHONASYNCIODEBUG=1 to get more information on overrunning coroutines. [airflow.jobs.triggerer_job_runner] loc=triggerer_job_runner.py:735
airflow-scheduler-1  | 2026-09-29T12:01:27.849100506+01:00 2026-09-29T11:01:27.844995Z [info     ] Marking task as FAILED. dag_id=nyc_dag, task_id=download_citi_bike_data, run_id=scheduled__2026-09-29T10:45:00+00:00, logical_date=20260929T104500, start_date=, end_date=20260929T110127 [airflow.models.taskinstance] loc=taskinstance.py:1595
minio_init-1         | 2026-09-29T12:01:29.086775838+01:00 mc: <ERROR> `config` is not a recognized command. Get help using `--help` flag. 
minio_init-1         | 2026-09-29T12:01:29.169100973+01:00 MinIO not up and running yet...
airflow-scheduler-1  | 2026-09-29T12:01:29.990829542+01:00 2026-09-29T11:01:29.973582Z [info     ] TaskInstance Finished: dag_id=nyc_dag, task_id=download_taxi_data, run_id=scheduled__2026-09-29T10:45:00+00:00, map_index=-1, run_start_date=None, run_end_date=None, run_duration=None, state=queued, executor=CeleryExecutor(parallelism=32), executor_state=failed, try_number=1, max_tries=0, pool=default_pool, queue=default, priority_weight=3, operator=PythonOperator, queued_dttm=2026-09-29 11:00:36.430858+00:00, scheduled_dttm=2026-09-29 11:00:32.715777+00:00,queued_by_job_id=4, pid=None [airflow.jobs.scheduler_job_runner.SchedulerJobRunner] loc=scheduler_job_runner.py:864
airflow-scheduler-1  | 2026-09-29T12:01:30.031008724+01:00 2026-09-29T11:01:30.028080Z [error    ] Executor CeleryExecutor(parallelism=32) reported that the task instance <TaskInstance: nyc_dag.download_taxi_data scheduled__2026-09-29T10:45:00+00:00 [queued]> finished with state failed, but the task instance's state attribute is queued. Learn more: https://airflow.apache.org/docs/apache-airflow/stable/troubleshooting.html#task-state-changed-externally [airflow.task] loc=taskinstance.py:1505
airflow-scheduler-1  | 2026-09-29T12:01:30.128802915+01:00 2026-09-29T11:01:30.125854Z [info     ] Marking task as FAILED. dag_id=nyc_dag, task_id=download_taxi_data, run_id=scheduled__2026-09-29T10:45:00+00:00, logical_date=20260929T104500, start_date=, end_date=20260929T110130 [airflow.models.taskinstance] loc=taskinstance.py:1595
minio_init-1         | 2026-09-29T12:01:30.669574972+01:00 mc: <ERROR> `config` is not a recognized command. Get help using `--help` flag. 
minio_init-1         | 2026-09-29T12:01:30.699992303+01:00 MinIO not up and running yet...
minio_init-1         | 2026-09-29T12:01:32.266103767+01:00 mc: <ERROR> `config` is not a recognized command. Get help using `--help` flag. 
minio_init-1         | 2026-09-29T12:01:32.269662411+01:00 MinIO not up and running yet...
minio_init-1         | 2026-09-29T12:01:33.668651772+01:00 mc: <ERROR> `config` is not a recognized command. Get help using `--help` flag. 
minio_init-1         | 2026-09-29T12:01:33.697915316+01:00 MinIO not up and running yet...
minio_init-1         | 2026-09-29T12:01:35.689774637+01:00 mc: <ERROR> `config` is not a recognized command. Get help using `--help` flag. 
minio_init-1         | 2026-09-29T12:01:35.689830540+01:00 MinIO not up and running yet...
airflow-triggerer-1  | 2026-09-29T12:01:35.689899543+01:00 2026-09-29T11:01:35.107580Z [info     ] Triggerer's async thread was blocked for 0.23 seconds, likely by a badly-written trigger. Set PYTHONASYNCIODEBUG=1 to get more information on overrunning coroutines. [airflow.jobs.triggerer_job_runner] loc=triggerer_job_runner.py:735
minio_init-1         | 2026-09-29T12:01:37.241184052+01:00 mc: <ERROR> `config` is not a recognized command. Get help using `--help` flag. 
minio_init-1         | 2026-09-29T12:01:37.345626163+01:00 MinIO not up and running yet...
airflow-triggerer-1  | 2026-09-29T12:01:38.318693415+01:00 2026-09-29T11:01:37.726292Z [info     ] Triggerer's async thread was blocked for 0.31 seconds, likely by a badly-written trigger. Set PYTHONASYNCIODEBUG=1 to get more information on overrunning coroutines. [airflow.jobs.triggerer_job_runner] loc=triggerer_job_runner.py:735
airflow-triggerer-1  | 2026-09-29T12:01:38.326183856+01:00 2026-09-29T11:01:38.064163Z [info     ] Triggerer's async thread was blocked for 0.24 seconds, likely by a badly-written trigger. Set PYTHONASYNCIODEBUG=1 to get more information on overrunning coroutines. [airflow.jobs.triggerer_job_runner] loc=triggerer_job_runner.py:735
minio_init-1         | 2026-09-29T12:01:38.852598946+01:00 mc: <ERROR> `config` is not a recognized command. Get help using `--help` flag. 
minio_init-1         | 2026-09-29T12:01:38.871084298+01:00 MinIO not up and running yet...
minio_init-1         | 2026-09-29T12:01:39.998777763+01:00 mc: <ERROR> `config` is not a recognized command. Get help using `--help` flag. 
minio_init-1         | 2026-09-29T12:01:40.004386518+01:00 MinIO not up and running yet...
minio_init-1         | 2026-09-29T12:01:41.429222673+01:00 mc: <ERROR> `config` is not a recognized command. Get help using `--help` flag. 
minio_init-1         | 2026-09-29T12:01:41.445107045+01:00 MinIO not up and running yet...
minio_init-1         | 2026-09-29T12:01:43.046547763+01:00 mc: <ERROR> `config` is not a recognized command. Get help using `--help` flag. 
minio_init-1         | 2026-09-29T12:01:43.060673614+01:00 MinIO not up and running yet...
airflow-triggerer-1  | 2026-09-29T12:01:44.613035004+01:00 2026-09-29T11:01:44.103260Z [info     ] Triggerer's async thread was blocked for 0.24 seconds, likely by a badly-written trigger. Set PYTHONASYNCIODEBUG=1 to get more information on overrunning coroutines. [airflow.jobs.triggerer_job_runner] loc=triggerer_job_runner.py:735
minio_init-1         | 2026-09-29T12:01:44.787817648+01:00 mc: <ERROR> `config` is not a recognized command. Get help using `--help` flag. 
minio_init-1         | 2026-09-29T12:01:44.820880770+01:00 MinIO not up and running yet...
minio_init-1         | 2026-09-29T12:01:46.427272972+01:00 mc: <ERROR> `config` is not a recognized command. Get help using `--help` flag. 
minio_init-1         | 2026-09-29T12:01:46.641528424+01:00 MinIO not up and running yet...
postgres-1           | 2026-09-29T12:01:47.386834073+01:00 2026-09-29 11:01:47.213 UTC [27] LOG:  checkpoint starting: time
minio_init-1         | 2026-09-29T12:01:48.432727726+01:00 mc: <ERROR> `config` is not a recognized command. Get help using `--help` flag. 
minio_init-1         | 2026-09-29T12:01:48.432809526+01:00 MinIO not up and running yet...
airflow-triggerer-1  | 2026-09-29T12:01:48.839318513+01:00 2026-09-29T11:01:48.624139Z [info     ] Triggerer's async thread was blocked for 0.26 seconds, likely by a badly-written trigger. Set PYTHONASYNCIODEBUG=1 to get more information on overrunning coroutines. [airflow.jobs.triggerer_job_runner] loc=triggerer_job_runner.py:735
airflow-scheduler-1  | 2026-09-29T12:01:49.477887377+01:00 2026-09-29T11:01:49.464626Z [info     ] Marking run <DagRun nyc_dag @ 2026-09-29 10:45:00+00:00: scheduled__2026-09-29T10:45:00+00:00, state:running, queued_at: 2026-09-29 11:00:14.311374+00:00. run_type: scheduled> failed [airflow.models.dagrun.DagRun] loc=dagrun.py:1171
airflow-scheduler-1  | 2026-09-29T12:01:49.479379271+01:00 2026-09-29T11:01:49.473581Z [info     ] DagRun Finished: dag_id=nyc_dag, logical_date=2026-09-29 10:45:00+00:00, run_id=scheduled__2026-09-29T10:45:00+00:00, run_start_date=2026-09-29 11:00:28.849693+00:00, run_end_date=2026-09-29 11:01:49.473245+00:00, run_duration=80.623552, state=failed, run_type=scheduled, data_interval_start=2026-09-29 10:45:00+00:00, data_interval_end=2026-09-29 11:00:00+00:00, [airflow.models.dagrun.DagRun] loc=dagrun.py:1274
airflow-triggerer-1  | 2026-09-29T12:01:49.859103763+01:00 2026-09-29T11:01:49.408319Z [info     ] Triggerer's async thread was blocked for 0.21 seconds, likely by a badly-written trigger. Set PYTHONASYNCIODEBUG=1 to get more information on overrunning coroutines. [airflow.jobs.triggerer_job_runner] loc=triggerer_job_runner.py:735
minio_init-1         | 2026-09-29T12:01:50.547142527+01:00 MinIO not up and running yet...
minio_init-1         | 2026-09-29T12:01:50.548548622+01:00 mc: <ERROR> `config` is not a recognized command. Get help using `--help` flag. 
airflow-triggerer-1  | 2026-09-29T12:01:51.071211996+01:00 2026-09-29T11:01:50.352263Z [info     ] Triggerer's async thread was blocked for 0.39 seconds, likely by a badly-written trigger. Set PYTHONASYNCIODEBUG=1 to get more information on overrunning coroutines. [airflow.jobs.triggerer_job_runner] loc=triggerer_job_runner.py:735
airflow-triggerer-1  | 2026-09-29T12:01:51.089951389+01:00 2026-09-29T11:01:51.025285Z [info     ] Triggerer's async thread was blocked for 0.55 seconds, likely by a badly-written trigger. Set PYTHONASYNCIODEBUG=1 to get more information on overrunning coroutines. [airflow.jobs.triggerer_job_runner] loc=triggerer_job_runner.py:735
airflow-scheduler-1  | 2026-09-29T12:01:51.385672479+01:00 2026-09-29T11:01:51.346078Z [info     ] Setting next_dagrun for nyc_dag to 2026-09-29 11:00:00+00:00, run_after=2026-09-29 11:15:00+00:00 [airflow.models.dag] loc=dag.py:688
minio_init-1         | 2026-09-29T12:01:52.413905362+01:00 mc: <ERROR> `config` is not a recognized command. Get help using `--help` flag. 
minio_init-1         | 2026-09-29T12:01:52.419655913+01:00 MinIO not up and running yet...
minio_init-1         | 2026-09-29T12:01:53.844999173+01:00 mc: <ERROR> `config` is not a recognized command. Get help using `--help` flag. 
minio_init-1         | 2026-09-29T12:01:53.899326804+01:00 MinIO not up and running yet...
minio_init-1         | 2026-09-29T12:01:55.130822237+01:00 mc: <ERROR> `config` is not a recognized command. Get help using `--help` flag. 
minio_init-1         | 2026-09-29T12:01:55.136046431+01:00 MinIO not up and running yet...
airflow-triggerer-1  | 2026-09-29T12:01:55.599618440+01:00 2026-09-29T11:01:54.252075Z [info     ] Triggerer's async thread was blocked for 0.23 seconds, likely by a badly-written trigger. Set PYTHONASYNCIODEBUG=1 to get more information on overrunning coroutines. [airflow.jobs.triggerer_job_runner] loc=triggerer_job_runner.py:735
airflow-scheduler-1  | 2026-09-29T12:01:56.361942068+01:00 127.0.0.1 - - [29/Sep/2026 11:01:56] "GET /health HTTP/1.1" 200 -
minio_init-1         | 2026-09-29T12:01:56.699374637+01:00 mc: <ERROR> `config` is not a recognized command. Get help using `--help` flag. 
minio_init-1         | 2026-09-29T12:01:56.699610937+01:00 MinIO not up and running yet...
airflow-triggerer-1  | 2026-09-29T12:01:57.043574398+01:00 2026-09-29T11:01:56.850456Z [info     ] Triggerer's async thread was blocked for 0.28 seconds, likely by a badly-written trigger. Set PYTHONASYNCIODEBUG=1 to get more information on overrunning coroutines. [airflow.jobs.triggerer_job_runner] loc=triggerer_job_runner.py:735
minio_init-1         | 2026-09-29T12:01:58.263808438+01:00 mc: <ERROR> `config` is not a recognized command. Get help using `--help` flag. 
minio_init-1         | 2026-09-29T12:01:58.263857538+01:00 MinIO not up and running yet...
airflow-apiserver-1  | 2026-09-29T12:01:59.317926417+01:00 INFO:     127.0.0.1:48318 - "GET /api/v2/version HTTP/1.1" 200 OK
minio_init-1         | 2026-09-29T12:02:00.348309822+01:00 mc: <ERROR> `config` is not a recognized command. Get help using `--help` flag. 
minio_init-1         | 2026-09-29T12:02:00.384533623+01:00 MinIO not up and running yet...
postgres-1           | 2026-09-29T12:02:00.623530168+01:00 2026-09-29 11:02:00.621 UTC [27] LOG:  checkpoint complete: wrote 57 buffers (0.3%); 0 WAL file(s) added, 0 removed, 0 recycled; write=12.100 s, sync=0.729 s, total=13.692 s; sync files=44, longest=0.085 s, average=0.017 s; distance=275 kB, estimate=275 kB; lsn=0/1D0B8D0, redo lsn=0/1D08120
minio_init-1         | 2026-09-29T12:02:01.636221850+01:00 mc: <ERROR> `config` is not a recognized command. Get help using `--help` flag. 
minio_init-1         | 2026-09-29T12:02:02.462258653+01:00 MinIO not up and running yet...
minio_init-1         | 2026-09-29T12:02:03.823356627+01:00 MinIO not up and running yet...
minio_init-1         | 2026-09-29T12:02:03.823405927+01:00 mc: <ERROR> `config` is not a recognized command. Get help using `--help` flag. 
airflow-triggerer-1  | 2026-09-29T12:02:04.988442448+01:00 2026-09-29T11:02:04.894633Z [info     ] 0 triggers currently running   [airflow.jobs.triggerer_job_runner] loc=triggerer_job_runner.py:735
airflow-triggerer-1  | 2026-09-29T12:02:04.988488648+01:00 2026-09-29T11:02:04.921105Z [info     ] 0 watchers currently running   [airflow.jobs.triggerer_job_runner] loc=triggerer_job_runner.py:735
minio_init-1         | 2026-09-29T12:02:05.082539325+01:00 mc: <ERROR> `config` is not a recognized command. Get help using `--help` flag. 
minio_init-1         | 2026-09-29T12:02:05.252984584+01:00 MinIO not up and running yet...
minio_init-1         | 2026-09-29T12:02:06.911771185+01:00 mc: <ERROR> `config` is not a recognized command. Get help using `--help` flag. 
minio_init-1         | 2026-09-29T12:02:06.917295783+01:00 MinIO not up and running yet...
minio_init-1         | 2026-09-29T12:02:08.151966827+01:00 mc: <ERROR> `config` is not a recognized command. Get help using `--help` flag. 
minio_init-1         | 2026-09-29T12:02:08.176285873+01:00 MinIO not up and running yet...
minio_init-1         | 2026-09-29T12:02:09.992512581+01:00 mc: <ERROR> `config` is not a recognized command. Get help using `--help` flag. 
minio_init-1         | 2026-09-29T12:02:10.091252066+01:00 MinIO not up and running yet...
airflow-triggerer-1  | 2026-09-29T12:02:11.010718095+01:00 2026-09-29T11:02:10.592627Z [info     ] Triggerer's async thread was blocked for 0.43 seconds, likely by a badly-written trigger. Set PYTHONASYNCIODEBUG=1 to get more information on overrunning coroutines. [airflow.jobs.triggerer_job_runner] loc=triggerer_job_runner.py:735
minio_init-1         | 2026-09-29T12:02:12.090592780+01:00 mc: <ERROR> `config` is not a recognized command. Get help using `--help` flag. 
minio_init-1         | 2026-09-29T12:02:12.142593191+01:00 MinIO not up and running yet...
airflow-triggerer-1  | 2026-09-29T12:02:12.896878530+01:00 2026-09-29T11:02:11.413106Z [info     ] Triggerer's async thread was blocked for 0.22 seconds, likely by a badly-written trigger. Set PYTHONASYNCIODEBUG=1 to get more information on overrunning coroutines. [airflow.jobs.triggerer_job_runner] loc=triggerer_job_runner.py:735
minio_init-1         | 2026-09-29T12:02:14.369388106+01:00 mc: <ERROR> `config` is not a recognized command. Get help using `--help` flag. 
minio_init-1         | 2026-09-29T12:02:14.389374502+01:00 MinIO not up and running yet...
airflow-triggerer-1  | 2026-09-29T12:02:15.229120437+01:00 2026-09-29T11:02:14.843982Z [info     ] Triggerer's async thread was blocked for 0.29 seconds, likely by a badly-written trigger. Set PYTHONASYNCIODEBUG=1 to get more information on overrunning coroutines. [airflow.jobs.triggerer_job_runner] loc=triggerer_job_runner.py:735
minio_init-1         | 2026-09-29T12:02:15.639931721+01:00 mc: <ERROR> `config` is not a recognized command. Get help using `--help` flag. 
minio_init-1         | 2026-09-29T12:02:15.641594444+01:00 MinIO not up and running yet...
minio_init-1         | 2026-09-29T12:02:17.538379297+01:00 mc: <ERROR> `config` is not a recognized command. Get help using `--help` flag. 
minio_init-1         | 2026-09-29T12:02:17.556967396+01:00 MinIO not up and running yet...
airflow-triggerer-1  | 2026-09-29T12:02:18.816233581+01:00 2026-09-29T11:02:18.793948Z [info     ] Triggerer's async thread was blocked for 0.22 seconds, likely by a badly-written trigger. Set PYTHONASYNCIODEBUG=1 to get more information on overrunning coroutines. [airflow.jobs.triggerer_job_runner] loc=triggerer_job_runner.py:735
minio_init-1         | 2026-09-29T12:02:19.870049729+01:00 mc: <ERROR> `config` is not a recognized command. Get help using `--help` flag. 
minio_init-1         | 2026-09-29T12:02:19.870177952+01:00 MinIO not up and running yet...
airflow-triggerer-1  | 2026-09-29T12:02:20.080090280+01:00 2026-09-29T11:02:19.419800Z [info     ] Triggerer's async thread was blocked for 0.30 seconds, likely by a badly-written trigger. Set PYTHONASYNCIODEBUG=1 to get more information on overrunning coroutines. [airflow.jobs.triggerer_job_runner] loc=triggerer_job_runner.py:735
airflow-triggerer-1  | 2026-09-29T12:02:21.847845955+01:00 2026-09-29T11:02:21.049020Z [info     ] Triggerer's async thread was blocked for 0.20 seconds, likely by a badly-written trigger. Set PYTHONASYNCIODEBUG=1 to get more information on overrunning coroutines. [airflow.jobs.triggerer_job_runner] loc=triggerer_job_runner.py:735
minio_init-1         | 2026-09-29T12:02:22.599596279+01:00 mc: <ERROR> `config` is not a recognized command. Get help using `--help` flag. 
minio_init-1         | 2026-09-29T12:02:22.787536011+01:00 MinIO not up and running yet...
airflow-triggerer-1  | 2026-09-29T12:02:23.499145721+01:00 2026-09-29T11:02:22.537863Z [info     ] Triggerer's async thread was blocked for 0.33 seconds, likely by a badly-written trigger. Set PYTHONASYNCIODEBUG=1 to get more information on overrunning coroutines. [airflow.jobs.triggerer_job_runner] loc=triggerer_job_runner.py:735
minio_init-1         | 2026-09-29T12:02:25.396942050+01:00 mc: <ERROR> `config` is not a recognized command. Get help using `--help` flag. 
minio_init-1         | 2026-09-29T12:02:25.455100792+01:00 MinIO not up and running yet...
airflow-triggerer-1  | 2026-09-29T12:02:26.297881451+01:00 2026-09-29T11:02:24.007173Z [info     ] Triggerer's async thread was blocked for 0.29 seconds, likely by a badly-written trigger. Set PYTHONASYNCIODEBUG=1 to get more information on overrunning coroutines. [airflow.jobs.triggerer_job_runner] loc=triggerer_job_runner.py:735
airflow-triggerer-1  | 2026-09-29T12:02:26.299265719+01:00 2026-09-29T11:02:25.031452Z [info     ] Triggerer's async thread was blocked for 0.29 seconds, likely by a badly-written trigger. Set PYTHONASYNCIODEBUG=1 to get more information on overrunning coroutines. [airflow.jobs.triggerer_job_runner] loc=triggerer_job_runner.py:735
airflow-triggerer-1  | 2026-09-29T12:02:26.299656506+01:00 2026-09-29T11:02:25.532414Z [info     ] Triggerer's async thread was blocked for 0.21 seconds, likely by a badly-written trigger. Set PYTHONASYNCIODEBUG=1 to get more information on overrunning coroutines. [airflow.jobs.triggerer_job_runner] loc=triggerer_job_runner.py:735
minio_init-1         | 2026-09-29T12:02:27.623719534+01:00 mc: <ERROR> `config` is not a recognized command. Get help using `--help` flag. 
minio_init-1         | 2026-09-29T12:02:27.624420613+01:00 MinIO not up and running yet...
airflow-triggerer-1  | 2026-09-29T12:02:27.768623873+01:00 2026-09-29T11:02:27.765671Z [info     ] Triggerer's async thread was blocked for 0.20 seconds, likely by a badly-written trigger. Set PYTHONASYNCIODEBUG=1 to get more information on overrunning coroutines. [airflow.jobs.triggerer_job_runner] loc=triggerer_job_runner.py:735
minio_init-1         | 2026-09-29T12:02:29.565298221+01:00 mc: <ERROR> `config` is not a recognized command. Get help using `--help` flag. 
minio_init-1         | 2026-09-29T12:02:29.565342246+01:00 MinIO not up and running yet...
airflow-triggerer-1  | 2026-09-29T12:02:29.604172809+01:00 2026-09-29T11:02:29.423162Z [info     ] Triggerer's async thread was blocked for 0.23 seconds, likely by a badly-written trigger. Set PYTHONASYNCIODEBUG=1 to get more information on overrunning coroutines. [airflow.jobs.triggerer_job_runner] loc=triggerer_job_runner.py:735
minio_init-1         | 2026-09-29T12:02:31.160687677+01:00 mc: <ERROR> `config` is not a recognized command. Get help using `--help` flag. 
minio_init-1         | 2026-09-29T12:02:31.243538039+01:00 MinIO not up and running yet...
minio_init-1         | 2026-09-29T12:02:33.167535033+01:00 mc: <ERROR> `config` is not a recognized command. Get help using `--help` flag. 
minio_init-1         | 2026-09-29T12:02:33.182736455+01:00 MinIO not up and running yet...
airflow-apiserver-1  | 2026-09-29T12:02:34.129312017+01:00 INFO:     127.0.0.1:58322 - "GET /api/v2/version HTTP/1.1" 200 OK
minio_init-1         | 2026-09-29T12:02:34.940518814+01:00 mc: <ERROR> `config` is not a recognized command. Get help using `--help` flag. 
minio_init-1         | 2026-09-29T12:02:34.943438978+01:00 MinIO not up and running yet...
airflow-triggerer-1  | 2026-09-29T12:02:35.391652514+01:00 2026-09-29T11:02:34.195203Z [info     ] Triggerer's async thread was blocked for 0.27 seconds, likely by a badly-written trigger. Set PYTHONASYNCIODEBUG=1 to get more information on overrunning coroutines. [airflow.jobs.triggerer_job_runner] loc=triggerer_job_runner.py:735
airflow-triggerer-1  | 2026-09-29T12:02:35.391690213+01:00 2026-09-29T11:02:34.520186Z [info     ] Triggerer's async thread was blocked for 0.25 seconds, likely by a badly-written trigger. Set PYTHONASYNCIODEBUG=1 to get more information on overrunning coroutines. [airflow.jobs.triggerer_job_runner] loc=triggerer_job_runner.py:735
airflow-triggerer-1  | 2026-09-29T12:02:35.391695000+01:00 2026-09-29T11:02:35.036427Z [info     ] Triggerer's async thread was blocked for 0.22 seconds, likely by a badly-written trigger. Set PYTHONASYNCIODEBUG=1 to get more information on overrunning coroutines. [airflow.jobs.triggerer_job_runner] loc=triggerer_job_runner.py:735
airflow-triggerer-1  | 2026-09-29T12:02:36.821682457+01:00 2026-09-29T11:02:35.751193Z [info     ] Triggerer's async thread was blocked for 0.22 seconds, likely by a badly-written trigger. Set PYTHONASYNCIODEBUG=1 to get more information on overrunning coroutines. [airflow.jobs.triggerer_job_runner] loc=triggerer_job_runner.py:735
minio_init-1         | 2026-09-29T12:02:37.285349689+01:00 mc: <ERROR> `config` is not a recognized command. Get help using `--help` flag. 
minio_init-1         | 2026-09-29T12:02:37.571613533+01:00 MinIO not up and running yet...
airflow-triggerer-1  | 2026-09-29T12:02:38.705207019+01:00 2026-09-29T11:02:37.217816Z [info     ] Triggerer's async thread was blocked for 0.34 seconds, likely by a badly-written trigger. Set PYTHONASYNCIODEBUG=1 to get more information on overrunning coroutines. [airflow.jobs.triggerer_job_runner] loc=triggerer_job_runner.py:735
airflow-triggerer-1  | 2026-09-29T12:02:38.752318878+01:00 2026-09-29T11:02:38.137153Z [info     ] Triggerer's async thread was blocked for 0.21 seconds, likely by a badly-written trigger. Set PYTHONASYNCIODEBUG=1 to get more information on overrunning coroutines. [airflow.jobs.triggerer_job_runner] loc=triggerer_job_runner.py:735
airflow-triggerer-1  | 2026-09-29T12:02:39.550137646+01:00 2026-09-29T11:02:39.043531Z [info     ] Triggerer's async thread was blocked for 0.25 seconds, likely by a badly-written trigger. Set PYTHONASYNCIODEBUG=1 to get more information on overrunning coroutines. [airflow.jobs.triggerer_job_runner] loc=triggerer_job_runner.py:735
minio_init-1         | 2026-09-29T12:02:40.096548517+01:00 mc: <ERROR> `config` is not a recognized command. Get help using `--help` flag. 
minio_init-1         | 2026-09-29T12:02:40.097668225+01:00 MinIO not up and running yet...
airflow-triggerer-1  | 2026-09-29T12:02:40.567692137+01:00 2026-09-29T11:02:39.539001Z [info     ] Triggerer's async thread was blocked for 0.29 seconds, likely by a badly-written trigger. Set PYTHONASYNCIODEBUG=1 to get more information on overrunning coroutines. [airflow.jobs.triggerer_job_runner] loc=triggerer_job_runner.py:735
airflow-scheduler-1  | 2026-09-29T12:02:41.799637195+01:00 127.0.0.1 - - [29/Sep/2026 11:02:41] "GET /health HTTP/1.1" 200 -
minio_init-1         | 2026-09-29T12:02:42.846563494+01:00 mc: <ERROR> `config` is not a recognized command. Get help using `--help` flag. 
minio_init-1         | 2026-09-29T12:02:42.924671965+01:00 MinIO not up and running yet...
minio_init-1         | 2026-09-29T12:02:45.915830448+01:00 mc: <ERROR> `config` is not a recognized command. Get help using `--help` flag. 
minio_init-1         | 2026-09-29T12:02:45.916638539+01:00 MinIO not up and running yet...
minio_init-1         | 2026-09-29T12:02:46.801533308+01:00 mc: <ERROR> `config` is not a recognized command. Get help using `--help` flag. 
minio_init-1         | 2026-09-29T12:02:46.925767108+01:00 MinIO not up and running yet...
airflow-triggerer-1  | 2026-09-29T12:02:48.146108361+01:00 2026-09-29T11:02:47.161198Z [info     ] Triggerer's async thread was blocked for 0.26 seconds, likely by a badly-written trigger. Set PYTHONASYNCIODEBUG=1 to get more information on overrunning coroutines. [airflow.jobs.triggerer_job_runner] loc=triggerer_job_runner.py:735
airflow-triggerer-1  | 2026-09-29T12:02:49.464251064+01:00 2026-09-29T11:02:48.378122Z [info     ] Triggerer's async thread was blocked for 0.21 seconds, likely by a badly-written trigger. Set PYTHONASYNCIODEBUG=1 to get more information on overrunning coroutines. [airflow.jobs.triggerer_job_runner] loc=triggerer_job_runner.py:735
minio_init-1         | 2026-09-29T12:02:51.655072413+01:00 mc: <ERROR> `config` is not a recognized command. Get help using `--help` flag. 
minio_init-1         | 2026-09-29T12:02:51.658195157+01:00 MinIO not up and running yet...
airflow-triggerer-1  | 2026-09-29T12:02:52.784884012+01:00 2026-09-29T11:02:49.198203Z [info     ] Triggerer's async thread was blocked for 0.56 seconds, likely by a badly-written trigger. Set PYTHONASYNCIODEBUG=1 to get more information on overrunning coroutines. [airflow.jobs.triggerer_job_runner] loc=triggerer_job_runner.py:735
airflow-triggerer-1  | 2026-09-29T12:02:52.785790851+01:00 2026-09-29T11:02:49.941456Z [info     ] Triggerer's async thread was blocked for 0.24 seconds, likely by a badly-written trigger. Set PYTHONASYNCIODEBUG=1 to get more information on overrunning coroutines. [airflow.jobs.triggerer_job_runner] loc=triggerer_job_runner.py:735
airflow-triggerer-1  | 2026-09-29T12:02:52.785817003+01:00 2026-09-29T11:02:50.352833Z [info     ] Triggerer's async thread was blocked for 0.21 seconds, likely by a badly-written trigger. Set PYTHONASYNCIODEBUG=1 to get more information on overrunning coroutines. [airflow.jobs.triggerer_job_runner] loc=triggerer_job_runner.py:735
minio_init-1         | 2026-09-29T12:02:55.723691360+01:00 mc: <ERROR> `config` is not a recognized command. Get help using `--help` flag. 
minio_init-1         | 2026-09-29T12:02:55.845178876+01:00 MinIO not up and running yet...
airflow-triggerer-1  | 2026-09-29T12:02:58.696718485+01:00 2026-09-29T11:02:54.219276Z [info     ] Triggerer's async thread was blocked for 0.30 seconds, likely by a badly-written trigger. Set PYTHONASYNCIODEBUG=1 to get more information on overrunning coroutines. [airflow.jobs.triggerer_job_runner] loc=triggerer_job_runner.py:735
airflow-triggerer-1  | 2026-09-29T12:02:58.697116092+01:00 2026-09-29T11:02:54.616654Z [info     ] Triggerer's async thread was blocked for 0.20 seconds, likely by a badly-written trigger. Set PYTHONASYNCIODEBUG=1 to get more information on overrunning coroutines. [airflow.jobs.triggerer_job_runner] loc=triggerer_job_runner.py:735
airflow-triggerer-1  | 2026-09-29T12:03:01.839311512+01:00 2026-09-29T11:02:58.445519Z [info     ] Triggerer's async thread was blocked for 0.46 seconds, likely by a badly-written trigger. Set PYTHONASYNCIODEBUG=1 to get more information on overrunning coroutines. [airflow.jobs.triggerer_job_runner] loc=triggerer_job_runner.py:735
airflow-triggerer-1  | 2026-09-29T12:03:01.847400681+01:00 2026-09-29T11:02:59.374249Z [info     ] Triggerer's async thread was blocked for 0.24 seconds, likely by a badly-written trigger. Set PYTHONASYNCIODEBUG=1 to get more information on overrunning coroutines. [airflow.jobs.triggerer_job_runner] loc=triggerer_job_runner.py:735
airflow-triggerer-1  | 2026-09-29T12:03:01.847425311+01:00 2026-09-29T11:03:00.796068Z [info     ] Triggerer's async thread was blocked for 0.67 seconds, likely by a badly-written trigger. Set PYTHONASYNCIODEBUG=1 to get more information on overrunning coroutines. [airflow.jobs.triggerer_job_runner] loc=triggerer_job_runner.py:735
minio_init-1         | 2026-09-29T12:03:01.847974733+01:00 mc: <ERROR> `config` is not a recognized command. Get help using `--help` flag. 
minio_init-1         | 2026-09-29T12:03:01.848045251+01:00 MinIO not up and running yet...
minio_init-1         | 2026-09-29T12:03:04.410298919+01:00 mc: <ERROR> `config` is not a recognized command. Get help using `--help` flag. 
minio_init-1         | 2026-09-29T12:03:05.310822148+01:00 MinIO not up and running yet...
airflow-triggerer-1  | 2026-09-29T12:03:07.038289248+01:00 2026-09-29T11:03:05.766218Z [info     ] 0 triggers currently running   [airflow.jobs.triggerer_job_runner] loc=triggerer_job_runner.py:735
airflow-triggerer-1  | 2026-09-29T12:03:07.055233936+01:00 2026-09-29T11:03:06.039121Z [info     ] 0 watchers currently running   [airflow.jobs.triggerer_job_runner] loc=triggerer_job_runner.py:735
airflow-triggerer-1  | 2026-09-29T12:03:07.055240756+01:00 2026-09-29T11:03:06.214575Z [info     ] Triggerer's async thread was blocked for 0.35 seconds, likely by a badly-written trigger. Set PYTHONASYNCIODEBUG=1 to get more information on overrunning coroutines. [airflow.jobs.triggerer_job_runner] loc=triggerer_job_runner.py:735
minio_init-1         | 2026-09-29T12:03:07.734652058+01:00 mc: <ERROR> `config` is not a recognized command. Get help using `--help` flag. 
minio_init-1         | 2026-09-29T12:03:07.734817072+01:00 MinIO not up and running yet...
airflow-triggerer-1  | 2026-09-29T12:03:09.411948175+01:00 2026-09-29T11:03:07.258620Z [info     ] Triggerer's async thread was blocked for 0.24 seconds, likely by a badly-written trigger. Set PYTHONASYNCIODEBUG=1 to get more information on overrunning coroutines. [airflow.jobs.triggerer_job_runner] loc=triggerer_job_runner.py:735
